num,lm,Bone,Name,Description,Position,full_model,braincase
1,1,premaxilla,LM_Premaxilla-1,ant_med_premax,m,1,1
2,2,premaxilla,LM_Premaxilla-2,post_med_premax,m,1,1
3,3,premaxilla,LM_Premaxilla-3,dors_vent_premax_max,l,1,1
4,4,premaxilla,LM_Premaxilla-4,vent_vent_premax_max,l,1,1
5,5,premaxilla,LM_Premaxilla-3,dors_vent_premax_max,r,1,1
6,6,premaxilla,LM_Premaxilla-4,vent_vent_premax_max,r,1,1
7,7,nasal,LM_Nasal-5,ant_med_nasal,m,2,1
8,8,nasal,LM_Nasal-6,post_med_nasal,m,2,1
9,9,nasal,LM_Nasal-7,post_lat_nasal,l,2,1
10,10,nasal,LM_Nasal-8,ant_lat_nasal_naris,l,2,1
11,11,nasal,LM_Nasal-7,post_lat_nasal,r,2,1
12,12,nasal,LM_Nasal-8,ant_lat_nasal_naris,r,2,1
13,13,frontal,LM_Frontal-9,ant_med_front,m,3,1
14,14,frontal,LM_Frontal-10,post_med_front,m,3,1
15,15,frontal,LM_Frontal-11,post_lat_front_par,l,3,1
16,16,frontal,LM_Frontal-12,ant_lat_front,l,3,1
17,17,frontal,LM_Frontal-11,post_lat_front_par,r,3,1
18,18,frontal,LM_Frontal-12,ant_lat_front,r,3,1
19,19,parietal,LM_Parietal-13,ant_med_par,m,4,1
20,20,parietal,LM_Parietal-14,post_med_par,m,4,1
21,21,parietal,LM_Parietal-15,post_lat_par,l,4,1
22,22,parietal,LM_Parietal-16,ant_lat_par_front,l,4,1
23,23,parietal,LM_Parietal-15,post_lat_par,r,4,1
24,24,parietal,LM_Parietal-16,ant_lat_par_front,r,4,1
25,25,supraoccipital,LM_Supraoccipital-17,dors_med_supraocc,m,5,1
26,26,supraoccipital,LM_Supraoccipital-18,dors_med_for_mag,m,5,1
27,27,supraoccipital,LM_Supraoccipital-19,vent_med_for_mag,l,5,1
28,28,supraoccipital,LM_Supraoccipital-20,vent_lat_oto_basiocc,l,5,1
29,29,supraoccipital,LM_Supraoccipital-21,vent_otocc_squa_junct,l,5,1
30,30,supraoccipital,LM_Supraoccipital-19,vent_med_for_mag,r,5,1
31,31,supraoccipital,LM_Supraoccipital-20,vent_lat_oto_basiocc,r,5,1
32,32,supraoccipital,LM_Supraoccipital-21,vent_otocc_squa_junct,r,5,1
33,33,basisphenoid,LM_Basisphenoid-22,med_basiocc_occ_cond_junct,m,6,1
34,34,basisphenoid,LM_Basisphenoid-23,ant_med_basisphen,m,6,1
35,35,basisphenoid,LM_Basisphenoid-24,med_sphen_ptery_junct,l,6,1
36,36,basisphenoid,LM_Basisphenoid-25,post_lat_oto_basiocc,l,6,1
37,37,basisphenoid,LM_Basisphenoid-24,med_sphen_ptery_junct,r,6,1
38,38,basisphenoid,LM_Basisphenoid-25,post_lat_oto_basiocc,r,6,1
39,39,maxilla,LM_Maxilla-26,post_teeth_row_max,l,8,2
40,40,maxilla,LM_Maxilla-27,ant_teeth_row_max,l,8,2
41,41,maxilla,LM_Maxilla-28,post_ectoptery_porc_max,l,8,2
42,42,maxilla,LM_Maxilla-29,ant_ectoptery_proc_max,l,8,2
43,43,maxilla,LM_Maxilla-30,post_palat_fac_max,l,8,2
44,44,maxilla,LM_Maxilla-31,ant_palat_fac_max,l,8,2
45,45,maxilla,LM_Maxilla-26,post_teeth_row_max,r,8,2
46,46,maxilla,LM_Maxilla-27,ant_teeth_row_max,r,8,2
47,47,maxilla,LM_Maxilla-28,post_ectoptery_porc_max,r,8,2
48,48,maxilla,LM_Maxilla-29,ant_ectoptery_proc_max,r,8,2
49,49,maxilla,LM_Maxilla-30,post_palat_fac_max,r,8,2
50,50,maxilla,LM_Maxilla-31,ant_palat_fac_max,r,8,2
51,51,palatine,LM_Palatine-32,post_lat_ptery_fac_palat,l,9,3
52,52,palatine,LM_Palatine-33,dors_ant_ptery_fac_palat,l,9,3
53,53,palatine,LM_Palatine-34,post_med_ptery_fac_palat,l,9,3
54,54,palatine,LM_Palatine-35,vent_ant_ptery_fac_palat,l,9,3
55,55,palatine,LM_Palatine-36,post_teeth_row_palat,l,9,3
56,56,palatine,LM_Palatine-37,ant_teeth_row_palat,l,9,3
57,57,palatine,LM_Palatine-38,ant_max_fac_palat,l,9,3
58,58,palatine,LM_Palatine-39,post_med_max_fac_palat,l,9,3
59,59,palatine,LM_Palatine-40,ant_med_palat,l,9,3
60,60,palatine,LM_Palatine-41,ant_palat,l,9,3
61,61,palatine,LM_Palatine-32,post_lat_ptery_fac_palat,r,9,3
62,62,palatine,LM_Palatine-33,dors_ant_ptery_fac_palat,r,9,3
63,63,palatine,LM_Palatine-34,post_med_ptery_fac_palat,r,9,3
64,64,palatine,LM_Palatine-35,vent_ant_ptery_fac_palat,r,9,3
65,65,palatine,LM_Palatine-36,post_teeth_row_palat,r,9,3
66,66,palatine,LM_Palatine-37,ant_teeth_row_palat,r,9,3
67,67,palatine,LM_Palatine-38,ant_max_fac_palat,r,9,3
68,68,palatine,LM_Palatine-39,post_med_max_fac_palat,r,9,3
69,69,palatine,LM_Palatine-40,ant_med_palat,r,9,3
70,70,palatine,LM_Palatine-41,ant_palat,r,9,3
71,71,ectopterygoid,LM_Ectopterygoid-42,ant_lat_ectoptery,l,10,4
72,72,ectopterygoid,LM_Ectopterygoid-43,ant_med_ectoptery,l,10,4
73,73,ectopterygoid,LM_Ectopterygoid-44,post_ectoptery,l,10,4
74,74,ectopterygoid,LM_Ectopterygoid-42,ant_lat_ectoptery,r,10,4
75,75,ectopterygoid,LM_Ectopterygoid-43,ant_med_ectoptery,r,10,4
76,76,ectopterygoid,LM_Ectopterygoid-44,post_ectoptery,r,10,4
77,77,pterygoid,LM_Pterygoid-45,post_ptery,l,11,5
78,78,pterygoid,LM_Pterygoid-46,post_teeth_row_ptery,l,11,5
79,79,pterygoid,LM_Pterygoid-47,ant_teeth_row_ptery,l,11,5
80,80,pterygoid,LM_Pterygoid-48,post_ectoptery_fac_ptery,l,11,5
81,81,pterygoid,LM_Pterygoid-49,ant_ectoptery_fac_ptery,l,11,5
82,82,pterygoid,LM_Pterygoid-45,post_ptery,r,11,5
83,83,pterygoid,LM_Pterygoid-46,post_teeth_row_ptery,r,11,5
84,84,pterygoid,LM_Pterygoid-47,ant_teeth_row_ptery,r,11,5
85,85,pterygoid,LM_Pterygoid-48,post_ectoptery_fac_ptery,r,11,5
86,86,pterygoid,LM_Pterygoid-49,ant_ectoptery_fac_ptery,r,11,5
87,87,dentary,LM_Dentary-50,ant_teeth_row_dent,l,12,6
88,88,dentary,LM_Dentary-51,dors_post_intramand_dent,l,12,6
89,89,dentary,LM_Dentary-52,ant_dent_comp_art_dent,l,12,6
90,90,dentary,LM_Dentary-53,vent_post_intramand_dent,l,12,6
91,91,dentary,LM_Dentary-54,ant_med_dent_comp_art_dent,l,12,6
92,92,dentary,LM_Dentary-55,post_med_dent_comp_art_dent,l,12,6
93,93,dentary,LM_Dentary-56,inter_teeth_row_dent_comp_art_dent,l,12,6
94,94,dentary,LM_Dentary-50,ant_teeth_row_dent,r,12,6
95,95,dentary,LM_Dentary-51,dors_post_intramand_dent,r,12,6
96,96,dentary,LM_Dentary-52,ant_dent_comp_art_dent,r,12,6
97,97,dentary,LM_Dentary-53,vent_post_intramand_dent,r,12,6
98,98,dentary,LM_Dentary-54,ant_med_dent_comp_art_dent,r,12,6
99,99,dentary,LM_Dentary-55,post_med_dent_comp_art_dent,r,12,6
100,100,dentary,LM_Dentary-56,inter_teeth_row_dent_comp_art_dent,r,12,6
101,101,compound,LM_Compound-57,ant_comp,l,13,7
102,102,compound,LM_Compound-58,ant_surang_proc_comp,l,13,7
103,103,compound,LM_Compound-59,post_surang_proc_comp,l,13,7
104,104,compound,LM_Compound-60,ant_preart_proc_comp,l,13,7
105,105,compound,LM_Compound-61,post_preart_proc_comp,l,13,7
106,106,compound,LM_Compound-62,ant_lat_comp_quad_joint_comp,l,13,7
107,107,compound,LM_Compound-63,ant_med_comp_quad_joint_comp,l,13,7
108,108,compound,LM_Compound-64,post_lat_comp_quad_joint_comp,l,13,7
109,109,compound,LM_Compound-65,post_med_comp_quad_joint_comp,l,13,7
110,110,compound,LM_Compound-66,post_dors_comp,l,13,7
111,111,compound,LM_Compound-67,post_vent_comp,l,13,7
112,112,compound,LM_Compound-68,ant_inter_surang_preart_proc_comp,l,13,7
113,113,compound,LM_Compound-57,ant_comp,r,13,7
114,114,compound,LM_Compound-58,ant_surang_proc_comp,r,13,7
115,115,compound,LM_Compound-59,post_surang_proc_comp,r,13,7
116,116,compound,LM_Compound-60,ant_preart_proc_comp,r,13,7
117,117,compound,LM_Compound-61,post_preart_proc_comp,r,13,7
118,118,compound,LM_Compound-62,ant_lat_comp_quad_joint_comp,r,13,7
119,119,compound,LM_Compound-63,ant_med_comp_quad_joint_comp,r,13,7
120,120,compound,LM_Compound-64,post_lat_comp_quad_joint_comp,r,13,7
121,121,compound,LM_Compound-65,post_med_comp_quad_joint_comp,r,13,7
122,122,compound,LM_Compound-66,post_dors_comp,r,13,7
123,123,compound,LM_Compound-67,post_vent_comp,r,13,7
124,124,compound,LM_Compound-68,ant_inter_surang_preart_proc_comp,r,13,7
125,125,quadrate,LM_Quadrate-69,dors_ant_art_supratemp_quad,l,14,8
126,126,quadrate,LM_Quadrate-70,dors_post_art_supratemp_quad,l,14,8
127,127,quadrate,LM_Quadrate-71,vent_post_art_supratemp_quad,l,14,8
128,128,quadrate,LM_Quadrate-72,vent_ant_art_supratemp_quad,l,14,8
129,129,quadrate,LM_Quadrate-73,post_lat_art_artic_quad,l,14,8
130,130,quadrate,LM_Quadrate-74,dors_ant_art_artic_quad,l,14,8
131,131,quadrate,LM_Quadrate-75,post_med_art_artic_quad,l,14,8
132,132,quadrate,LM_Quadrate-76,vent_med_art_artic_quad,l,14,8
133,133,quadrate,LM_Quadrate-77,ant_lat_art_artic_quad,l,14,8
134,134,quadrate,LM_Quadrate-78,ant_med_art_artic_quad,l,14,8
135,135,quadrate,LM_Quadrate-79,ant_med_art_artic_low_quad,l,14,8
136,136,quadrate,LM_Quadrate-80,vent_lat_art_artic_quad,l,14,8
137,137,quadrate,LM_Quadrate-69,dors_ant_art_supratemp_quad,r,14,8
138,138,quadrate,LM_Quadrate-70,dors_post_art_supratemp_quad,r,14,8
139,139,quadrate,LM_Quadrate-71,vent_post_art_supratemp_quad,r,14,8
140,140,quadrate,LM_Quadrate-72,vent_ant_art_supratemp_quad,r,14,8
141,141,quadrate,LM_Quadrate-73,post_lat_art_artic_quad,r,14,8
142,142,quadrate,LM_Quadrate-74,dors_ant_art_artic_quad,r,14,8
143,143,quadrate,LM_Quadrate-75,post_med_art_artic_quad,r,14,8
144,144,quadrate,LM_Quadrate-76,vent_med_art_artic_quad,r,14,8
145,145,quadrate,LM_Quadrate-77,ant_lat_art_artic_quad,r,14,8
146,146,quadrate,LM_Quadrate-78,ant_med_art_artic_quad,r,14,8
147,147,quadrate,LM_Quadrate-79,ant_med_art_artic_low_quad,r,14,8
148,148,quadrate,LM_Quadrate-80,vent_lat_art_artic_quad,r,14,8
149,149,supratemporal,LM_Supratemporal-81,post_supratemp,l,15,9
150,150,supratemporal,LM_Supratemporal-82,ant_supratemp,l,15,9
151,151,supratemporal,LM_Supratemporal-81,post_supratemp,r,15,9
152,152,supratemporal,LM_Supratemporal-82,ant_supratemp,r,15,9
153,1,premaxilla,C1.Premaxilla-0,C1.ant_med_post_med_premax,m,1,1
154,2,premaxilla,C1.Premaxilla-1,C1.ant_med_post_med_premax,m,1,1
155,3,premaxilla,C1.Premaxilla-2,C1.ant_med_post_med_premax,m,1,1
156,4,premaxilla,C1.Premaxilla-3,C1.ant_med_post_med_premax,m,1,1
157,5,premaxilla,C1.Premaxilla-4,C1.ant_med_post_med_premax,m,1,1
158,6,premaxilla,C1.Premaxilla-5,C1.ant_med_post_med_premax,m,1,1
159,7,premaxilla,C1.Premaxilla-6,C1.ant_med_post_med_premax,m,1,1
160,8,premaxilla,C1.Premaxilla-7,C1.ant_med_post_med_premax,m,1,1
161,9,premaxilla,C1.Premaxilla-8,C1.ant_med_post_med_premax,m,1,1
162,10,premaxilla,C1.Premaxilla-9,C1.ant_med_post_med_premax,m,1,1
163,1,premaxilla,C2.Premaxilla-0,C2.post_med_dors_vent_premax,l,1,1
164,2,premaxilla,C2.Premaxilla-1,C2.post_med_dors_vent_premax,l,1,1
165,3,premaxilla,C2.Premaxilla-2,C2.post_med_dors_vent_premax,l,1,1
166,4,premaxilla,C2.Premaxilla-3,C2.post_med_dors_vent_premax,l,1,1
167,5,premaxilla,C2.Premaxilla-4,C2.post_med_dors_vent_premax,l,1,1
168,6,premaxilla,C2.Premaxilla-5,C2.post_med_dors_vent_premax,l,1,1
169,7,premaxilla,C2.Premaxilla-6,C2.post_med_dors_vent_premax,l,1,1
170,8,premaxilla,C2.Premaxilla-7,C2.post_med_dors_vent_premax,l,1,1
171,9,premaxilla,C2.Premaxilla-8,C2.post_med_dors_vent_premax,l,1,1
172,10,premaxilla,C2.Premaxilla-9,C2.post_med_dors_vent_premax,l,1,1
173,1,premaxilla,C3.Premaxilla-0,C3.dors_vent_vent_vent_premax,l,1,1
174,2,premaxilla,C3.Premaxilla-1,C3.dors_vent_vent_vent_premax,l,1,1
175,3,premaxilla,C3.Premaxilla-2,C3.dors_vent_vent_vent_premax,l,1,1
176,4,premaxilla,C3.Premaxilla-3,C3.dors_vent_vent_vent_premax,l,1,1
177,5,premaxilla,C3.Premaxilla-4,C3.dors_vent_vent_vent_premax,l,1,1
178,6,premaxilla,C3.Premaxilla-5,C3.dors_vent_vent_vent_premax,l,1,1
179,7,premaxilla,C3.Premaxilla-6,C3.dors_vent_vent_vent_premax,l,1,1
180,8,premaxilla,C3.Premaxilla-7,C3.dors_vent_vent_vent_premax,l,1,1
181,9,premaxilla,C3.Premaxilla-8,C3.dors_vent_vent_vent_premax,l,1,1
182,10,premaxilla,C3.Premaxilla-9,C3.dors_vent_vent_vent_premax,l,1,1
183,1,premaxilla,C4.Premaxilla-0,C4.vent_vent_ant_med_premax,l,1,1
184,2,premaxilla,C4.Premaxilla-1,C4.vent_vent_ant_med_premax,l,1,1
185,3,premaxilla,C4.Premaxilla-2,C4.vent_vent_ant_med_premax,l,1,1
186,4,premaxilla,C4.Premaxilla-3,C4.vent_vent_ant_med_premax,l,1,1
187,5,premaxilla,C4.Premaxilla-4,C4.vent_vent_ant_med_premax,l,1,1
188,6,premaxilla,C4.Premaxilla-5,C4.vent_vent_ant_med_premax,l,1,1
189,7,premaxilla,C4.Premaxilla-6,C4.vent_vent_ant_med_premax,l,1,1
190,8,premaxilla,C4.Premaxilla-7,C4.vent_vent_ant_med_premax,l,1,1
191,9,premaxilla,C4.Premaxilla-8,C4.vent_vent_ant_med_premax,l,1,1
192,10,premaxilla,C4.Premaxilla-9,C4.vent_vent_ant_med_premax,l,1,1
193,1,nasal,C5.Nasal-0,C5.ant_med_post_med_nasal,m,2,1
194,2,nasal,C5.Nasal-1,C5.ant_med_post_med_nasal,m,2,1
195,3,nasal,C5.Nasal-2,C5.ant_med_post_med_nasal,m,2,1
196,4,nasal,C5.Nasal-3,C5.ant_med_post_med_nasal,m,2,1
197,5,nasal,C5.Nasal-4,C5.ant_med_post_med_nasal,m,2,1
198,6,nasal,C5.Nasal-5,C5.ant_med_post_med_nasal,m,2,1
199,7,nasal,C5.Nasal-6,C5.ant_med_post_med_nasal,m,2,1
200,8,nasal,C5.Nasal-7,C5.ant_med_post_med_nasal,m,2,1
201,9,nasal,C5.Nasal-8,C5.ant_med_post_med_nasal,m,2,1
202,10,nasal,C5.Nasal-9,C5.ant_med_post_med_nasal,m,2,1
203,1,nasal,C6.Nasal-0,C6.post_med_post_lat_nasal,l,2,1
204,2,nasal,C6.Nasal-1,C6.post_med_post_lat_nasal,l,2,1
205,3,nasal,C6.Nasal-2,C6.post_med_post_lat_nasal,l,2,1
206,4,nasal,C6.Nasal-3,C6.post_med_post_lat_nasal,l,2,1
207,5,nasal,C6.Nasal-4,C6.post_med_post_lat_nasal,l,2,1
208,6,nasal,C6.Nasal-5,C6.post_med_post_lat_nasal,l,2,1
209,7,nasal,C6.Nasal-6,C6.post_med_post_lat_nasal,l,2,1
210,8,nasal,C6.Nasal-7,C6.post_med_post_lat_nasal,l,2,1
211,9,nasal,C6.Nasal-8,C6.post_med_post_lat_nasal,l,2,1
212,10,nasal,C6.Nasal-9,C6.post_med_post_lat_nasal,l,2,1
213,1,nasal,C7.Nasal-0,C7.post_lat_ant_lat_nasal,l,2,1
214,2,nasal,C7.Nasal-1,C7.post_lat_ant_lat_nasal,l,2,1
215,3,nasal,C7.Nasal-2,C7.post_lat_ant_lat_nasal,l,2,1
216,4,nasal,C7.Nasal-3,C7.post_lat_ant_lat_nasal,l,2,1
217,5,nasal,C7.Nasal-4,C7.post_lat_ant_lat_nasal,l,2,1
218,6,nasal,C7.Nasal-5,C7.post_lat_ant_lat_nasal,l,2,1
219,7,nasal,C7.Nasal-6,C7.post_lat_ant_lat_nasal,l,2,1
220,8,nasal,C7.Nasal-7,C7.post_lat_ant_lat_nasal,l,2,1
221,9,nasal,C7.Nasal-8,C7.post_lat_ant_lat_nasal,l,2,1
222,10,nasal,C7.Nasal-9,C7.post_lat_ant_lat_nasal,l,2,1
223,1,nasal,C8.Nasal-0,C8.ant_lat_ant_med_nasal,l,2,1
224,2,nasal,C8.Nasal-1,C8.ant_lat_ant_med_nasal,l,2,1
225,3,nasal,C8.Nasal-2,C8.ant_lat_ant_med_nasal,l,2,1
226,4,nasal,C8.Nasal-3,C8.ant_lat_ant_med_nasal,l,2,1
227,5,nasal,C8.Nasal-4,C8.ant_lat_ant_med_nasal,l,2,1
228,6,nasal,C8.Nasal-5,C8.ant_lat_ant_med_nasal,l,2,1
229,7,nasal,C8.Nasal-6,C8.ant_lat_ant_med_nasal,l,2,1
230,8,nasal,C8.Nasal-7,C8.ant_lat_ant_med_nasal,l,2,1
231,9,nasal,C8.Nasal-8,C8.ant_lat_ant_med_nasal,l,2,1
232,10,nasal,C8.Nasal-9,C8.ant_lat_ant_med_nasal,l,2,1
233,1,frontal,C9.Frontal-0,C9.ant_med_post_med_front,m,3,1
234,2,frontal,C9.Frontal-1,C9.ant_med_post_med_front,m,3,1
235,3,frontal,C9.Frontal-2,C9.ant_med_post_med_front,m,3,1
236,4,frontal,C9.Frontal-3,C9.ant_med_post_med_front,m,3,1
237,5,frontal,C9.Frontal-4,C9.ant_med_post_med_front,m,3,1
238,6,frontal,C9.Frontal-5,C9.ant_med_post_med_front,m,3,1
239,7,frontal,C9.Frontal-6,C9.ant_med_post_med_front,m,3,1
240,8,frontal,C9.Frontal-7,C9.ant_med_post_med_front,m,3,1
241,9,frontal,C9.Frontal-8,C9.ant_med_post_med_front,m,3,1
242,10,frontal,C9.Frontal-9,C9.ant_med_post_med_front,m,3,1
243,1,frontal,C10.Frontal-0,C10.post_med_post_lat_front,l,3,1
244,2,frontal,C10.Frontal-1,C10.post_med_post_lat_front,l,3,1
245,3,frontal,C10.Frontal-2,C10.post_med_post_lat_front,l,3,1
246,4,frontal,C10.Frontal-3,C10.post_med_post_lat_front,l,3,1
247,5,frontal,C10.Frontal-4,C10.post_med_post_lat_front,l,3,1
248,6,frontal,C10.Frontal-5,C10.post_med_post_lat_front,l,3,1
249,7,frontal,C10.Frontal-6,C10.post_med_post_lat_front,l,3,1
250,8,frontal,C10.Frontal-7,C10.post_med_post_lat_front,l,3,1
251,9,frontal,C10.Frontal-8,C10.post_med_post_lat_front,l,3,1
252,10,frontal,C10.Frontal-9,C10.post_med_post_lat_front,l,3,1
253,1,frontal,C11.Frontal-0,C11.post_lat_ant_lat_front,l,3,1
254,2,frontal,C11.Frontal-1,C11.post_lat_ant_lat_front,l,3,1
255,3,frontal,C11.Frontal-2,C11.post_lat_ant_lat_front,l,3,1
256,4,frontal,C11.Frontal-3,C11.post_lat_ant_lat_front,l,3,1
257,5,frontal,C11.Frontal-4,C11.post_lat_ant_lat_front,l,3,1
258,6,frontal,C11.Frontal-5,C11.post_lat_ant_lat_front,l,3,1
259,7,frontal,C11.Frontal-6,C11.post_lat_ant_lat_front,l,3,1
260,8,frontal,C11.Frontal-7,C11.post_lat_ant_lat_front,l,3,1
261,9,frontal,C11.Frontal-8,C11.post_lat_ant_lat_front,l,3,1
262,10,frontal,C11.Frontal-9,C11.post_lat_ant_lat_front,l,3,1
263,1,frontal,C12.Frontal-0,C12.ant_lat_ant_med_front,l,3,1
264,2,frontal,C12.Frontal-1,C12.ant_lat_ant_med_front,l,3,1
265,3,frontal,C12.Frontal-2,C12.ant_lat_ant_med_front,l,3,1
266,4,frontal,C12.Frontal-3,C12.ant_lat_ant_med_front,l,3,1
267,5,frontal,C12.Frontal-4,C12.ant_lat_ant_med_front,l,3,1
268,6,frontal,C12.Frontal-5,C12.ant_lat_ant_med_front,l,3,1
269,7,frontal,C12.Frontal-6,C12.ant_lat_ant_med_front,l,3,1
270,8,frontal,C12.Frontal-7,C12.ant_lat_ant_med_front,l,3,1
271,9,frontal,C12.Frontal-8,C12.ant_lat_ant_med_front,l,3,1
272,10,frontal,C12.Frontal-9,C12.ant_lat_ant_med_front,l,3,1
273,1,parietal,C13.Parietal-0,C13.ant_med_post_med_par,m,4,1
274,2,parietal,C13.Parietal-1,C13.ant_med_post_med_par,m,4,1
275,3,parietal,C13.Parietal-2,C13.ant_med_post_med_par,m,4,1
276,4,parietal,C13.Parietal-3,C13.ant_med_post_med_par,m,4,1
277,5,parietal,C13.Parietal-4,C13.ant_med_post_med_par,m,4,1
278,6,parietal,C13.Parietal-5,C13.ant_med_post_med_par,m,4,1
279,7,parietal,C13.Parietal-6,C13.ant_med_post_med_par,m,4,1
280,8,parietal,C13.Parietal-7,C13.ant_med_post_med_par,m,4,1
281,9,parietal,C13.Parietal-8,C13.ant_med_post_med_par,m,4,1
282,10,parietal,C13.Parietal-9,C13.ant_med_post_med_par,m,4,1
283,1,parietal,C14.Parietal-0,C14.post_med_post_lat_par,l,4,1
284,2,parietal,C14.Parietal-1,C14.post_med_post_lat_par,l,4,1
285,3,parietal,C14.Parietal-2,C14.post_med_post_lat_par,l,4,1
286,4,parietal,C14.Parietal-3,C14.post_med_post_lat_par,l,4,1
287,5,parietal,C14.Parietal-4,C14.post_med_post_lat_par,l,4,1
288,6,parietal,C14.Parietal-5,C14.post_med_post_lat_par,l,4,1
289,7,parietal,C14.Parietal-6,C14.post_med_post_lat_par,l,4,1
290,8,parietal,C14.Parietal-7,C14.post_med_post_lat_par,l,4,1
291,9,parietal,C14.Parietal-8,C14.post_med_post_lat_par,l,4,1
292,10,parietal,C14.Parietal-9,C14.post_med_post_lat_par,l,4,1
293,1,parietal,C15.Parietal-0,C15.post_lat_ant_lat_par,l,4,1
294,2,parietal,C15.Parietal-1,C15.post_lat_ant_lat_par,l,4,1
295,3,parietal,C15.Parietal-2,C15.post_lat_ant_lat_par,l,4,1
296,4,parietal,C15.Parietal-3,C15.post_lat_ant_lat_par,l,4,1
297,5,parietal,C15.Parietal-4,C15.post_lat_ant_lat_par,l,4,1
298,6,parietal,C15.Parietal-5,C15.post_lat_ant_lat_par,l,4,1
299,7,parietal,C15.Parietal-6,C15.post_lat_ant_lat_par,l,4,1
300,8,parietal,C15.Parietal-7,C15.post_lat_ant_lat_par,l,4,1
301,9,parietal,C15.Parietal-8,C15.post_lat_ant_lat_par,l,4,1
302,10,parietal,C15.Parietal-9,C15.post_lat_ant_lat_par,l,4,1
303,1,parietal,C16.Parietal-0,C16.ant_lat_ant_med_par,l,4,1
304,2,parietal,C16.Parietal-1,C16.ant_lat_ant_med_par,l,4,1
305,3,parietal,C16.Parietal-2,C16.ant_lat_ant_med_par,l,4,1
306,4,parietal,C16.Parietal-3,C16.ant_lat_ant_med_par,l,4,1
307,5,parietal,C16.Parietal-4,C16.ant_lat_ant_med_par,l,4,1
308,6,parietal,C16.Parietal-5,C16.ant_lat_ant_med_par,l,4,1
309,7,parietal,C16.Parietal-6,C16.ant_lat_ant_med_par,l,4,1
310,8,parietal,C16.Parietal-7,C16.ant_lat_ant_med_par,l,4,1
311,9,parietal,C16.Parietal-8,C16.ant_lat_ant_med_par,l,4,1
312,10,parietal,C16.Parietal-9,C16.ant_lat_ant_med_par,l,4,1
313,1,supraoccipital,C17.Supraoccipital-0,C17.dors_med_supraocc_dors_med_for_mag_supraocc,m,5,1
314,2,supraoccipital,C17.Supraoccipital-1,C17.dors_med_supraocc_dors_med_for_mag_supraocc,m,5,1
315,3,supraoccipital,C17.Supraoccipital-2,C17.dors_med_supraocc_dors_med_for_mag_supraocc,m,5,1
316,4,supraoccipital,C17.Supraoccipital-3,C17.dors_med_supraocc_dors_med_for_mag_supraocc,m,5,1
317,5,supraoccipital,C17.Supraoccipital-4,C17.dors_med_supraocc_dors_med_for_mag_supraocc,m,5,1
318,6,supraoccipital,C17.Supraoccipital-5,C17.dors_med_supraocc_dors_med_for_mag_supraocc,m,5,1
319,7,supraoccipital,C17.Supraoccipital-6,C17.dors_med_supraocc_dors_med_for_mag_supraocc,m,5,1
320,8,supraoccipital,C17.Supraoccipital-7,C17.dors_med_supraocc_dors_med_for_mag_supraocc,m,5,1
321,9,supraoccipital,C17.Supraoccipital-8,C17.dors_med_supraocc_dors_med_for_mag_supraocc,m,5,1
322,10,supraoccipital,C17.Supraoccipital-9,C17.dors_med_supraocc_dors_med_for_mag_supraocc,m,5,1
323,1,supraoccipital,C18.Supraoccipital-0,C18.dors_med_for_mag_vent_med_for_mag_supraocc,l,5,1
324,2,supraoccipital,C18.Supraoccipital-1,C18.dors_med_for_mag_vent_med_for_mag_supraocc,l,5,1
325,3,supraoccipital,C18.Supraoccipital-2,C18.dors_med_for_mag_vent_med_for_mag_supraocc,l,5,1
326,4,supraoccipital,C18.Supraoccipital-3,C18.dors_med_for_mag_vent_med_for_mag_supraocc,l,5,1
327,5,supraoccipital,C18.Supraoccipital-4,C18.dors_med_for_mag_vent_med_for_mag_supraocc,l,5,1
328,6,supraoccipital,C18.Supraoccipital-5,C18.dors_med_for_mag_vent_med_for_mag_supraocc,l,5,1
329,7,supraoccipital,C18.Supraoccipital-6,C18.dors_med_for_mag_vent_med_for_mag_supraocc,l,5,1
330,8,supraoccipital,C18.Supraoccipital-7,C18.dors_med_for_mag_vent_med_for_mag_supraocc,l,5,1
331,9,supraoccipital,C18.Supraoccipital-8,C18.dors_med_for_mag_vent_med_for_mag_supraocc,l,5,1
332,10,supraoccipital,C18.Supraoccipital-9,C18.dors_med_for_mag_vent_med_for_mag_supraocc,l,5,1
333,1,supraoccipital,C19.Supraoccipital-0,C19.vent_med_for_mag_vent_lat_oto_basiocc_supraocc,l,5,1
334,2,supraoccipital,C19.Supraoccipital-1,C19.vent_med_for_mag_vent_lat_oto_basiocc_supraocc,l,5,1
335,3,supraoccipital,C19.Supraoccipital-2,C19.vent_med_for_mag_vent_lat_oto_basiocc_supraocc,l,5,1
336,4,supraoccipital,C19.Supraoccipital-3,C19.vent_med_for_mag_vent_lat_oto_basiocc_supraocc,l,5,1
337,5,supraoccipital,C19.Supraoccipital-4,C19.vent_med_for_mag_vent_lat_oto_basiocc_supraocc,l,5,1
338,6,supraoccipital,C19.Supraoccipital-5,C19.vent_med_for_mag_vent_lat_oto_basiocc_supraocc,l,5,1
339,7,supraoccipital,C19.Supraoccipital-6,C19.vent_med_for_mag_vent_lat_oto_basiocc_supraocc,l,5,1
340,8,supraoccipital,C19.Supraoccipital-7,C19.vent_med_for_mag_vent_lat_oto_basiocc_supraocc,l,5,1
341,9,supraoccipital,C19.Supraoccipital-8,C19.vent_med_for_mag_vent_lat_oto_basiocc_supraocc,l,5,1
342,10,supraoccipital,C19.Supraoccipital-9,C19.vent_med_for_mag_vent_lat_oto_basiocc_supraocc,l,5,1
343,1,supraoccipital,C20.Supraoccipital-0,C20.vent_lat_oto_basiocc_vent_otocc_squam_junct_supraocc,l,5,1
344,2,supraoccipital,C20.Supraoccipital-1,C20.vent_lat_oto_basiocc_vent_otocc_squam_junct_supraocc,l,5,1
345,3,supraoccipital,C20.Supraoccipital-2,C20.vent_lat_oto_basiocc_vent_otocc_squam_junct_supraocc,l,5,1
346,4,supraoccipital,C20.Supraoccipital-3,C20.vent_lat_oto_basiocc_vent_otocc_squam_junct_supraocc,l,5,1
347,5,supraoccipital,C20.Supraoccipital-4,C20.vent_lat_oto_basiocc_vent_otocc_squam_junct_supraocc,l,5,1
348,6,supraoccipital,C20.Supraoccipital-5,C20.vent_lat_oto_basiocc_vent_otocc_squam_junct_supraocc,l,5,1
349,7,supraoccipital,C20.Supraoccipital-6,C20.vent_lat_oto_basiocc_vent_otocc_squam_junct_supraocc,l,5,1
350,8,supraoccipital,C20.Supraoccipital-7,C20.vent_lat_oto_basiocc_vent_otocc_squam_junct_supraocc,l,5,1
351,9,supraoccipital,C20.Supraoccipital-8,C20.vent_lat_oto_basiocc_vent_otocc_squam_junct_supraocc,l,5,1
352,10,supraoccipital,C20.Supraoccipital-9,C20.vent_lat_oto_basiocc_vent_otocc_squam_junct_supraocc,l,5,1
353,1,supraoccipital,C21.Supraoccipital-0,C21.vent_otocc_squam_junct_dors_med_supraocc,l,5,1
354,2,supraoccipital,C21.Supraoccipital-1,C21.vent_otocc_squam_junct_dors_med_supraocc,l,5,1
355,3,supraoccipital,C21.Supraoccipital-2,C21.vent_otocc_squam_junct_dors_med_supraocc,l,5,1
356,4,supraoccipital,C21.Supraoccipital-3,C21.vent_otocc_squam_junct_dors_med_supraocc,l,5,1
357,5,supraoccipital,C21.Supraoccipital-4,C21.vent_otocc_squam_junct_dors_med_supraocc,l,5,1
358,6,supraoccipital,C21.Supraoccipital-5,C21.vent_otocc_squam_junct_dors_med_supraocc,l,5,1
359,7,supraoccipital,C21.Supraoccipital-6,C21.vent_otocc_squam_junct_dors_med_supraocc,l,5,1
360,8,supraoccipital,C21.Supraoccipital-7,C21.vent_otocc_squam_junct_dors_med_supraocc,l,5,1
361,9,supraoccipital,C21.Supraoccipital-8,C21.vent_otocc_squam_junct_dors_med_supraocc,l,5,1
362,10,supraoccipital,C21.Supraoccipital-9,C21.vent_otocc_squam_junct_dors_med_supraocc,l,5,1
363,1,basisphenoid,C22.Basisphenoid-0,C22.med_basiocc_occ_cond_junct_ant_med_basisphen,m,6,1
364,2,basisphenoid,C22.Basisphenoid-1,C22.med_basiocc_occ_cond_junct_ant_med_basisphen,m,6,1
365,3,basisphenoid,C22.Basisphenoid-2,C22.med_basiocc_occ_cond_junct_ant_med_basisphen,m,6,1
366,4,basisphenoid,C22.Basisphenoid-3,C22.med_basiocc_occ_cond_junct_ant_med_basisphen,m,6,1
367,5,basisphenoid,C22.Basisphenoid-4,C22.med_basiocc_occ_cond_junct_ant_med_basisphen,m,6,1
368,6,basisphenoid,C22.Basisphenoid-5,C22.med_basiocc_occ_cond_junct_ant_med_basisphen,m,6,1
369,7,basisphenoid,C22.Basisphenoid-6,C22.med_basiocc_occ_cond_junct_ant_med_basisphen,m,6,1
370,8,basisphenoid,C22.Basisphenoid-7,C22.med_basiocc_occ_cond_junct_ant_med_basisphen,m,6,1
371,9,basisphenoid,C22.Basisphenoid-8,C22.med_basiocc_occ_cond_junct_ant_med_basisphen,m,6,1
372,10,basisphenoid,C22.Basisphenoid-9,C22.med_basiocc_occ_cond_junct_ant_med_basisphen,m,6,1
373,1,basisphenoid,C23.Basisphenoid-0,C23.ant_med_basisphen_med_sphen_ptery_junct,l,6,1
374,2,basisphenoid,C23.Basisphenoid-1,C23.ant_med_basisphen_med_sphen_ptery_junct,l,6,1
375,3,basisphenoid,C23.Basisphenoid-2,C23.ant_med_basisphen_med_sphen_ptery_junct,l,6,1
376,4,basisphenoid,C23.Basisphenoid-3,C23.ant_med_basisphen_med_sphen_ptery_junct,l,6,1
377,5,basisphenoid,C23.Basisphenoid-4,C23.ant_med_basisphen_med_sphen_ptery_junct,l,6,1
378,6,basisphenoid,C23.Basisphenoid-5,C23.ant_med_basisphen_med_sphen_ptery_junct,l,6,1
379,7,basisphenoid,C23.Basisphenoid-6,C23.ant_med_basisphen_med_sphen_ptery_junct,l,6,1
380,8,basisphenoid,C23.Basisphenoid-7,C23.ant_med_basisphen_med_sphen_ptery_junct,l,6,1
381,9,basisphenoid,C23.Basisphenoid-8,C23.ant_med_basisphen_med_sphen_ptery_junct,l,6,1
382,10,basisphenoid,C23.Basisphenoid-9,C23.ant_med_basisphen_med_sphen_ptery_junct,l,6,1
383,1,basisphenoid,C24.Basisphenoid-0,C24.med_sphen_ptery_junct_post_lat_oto_basiocc,l,6,1
384,2,basisphenoid,C24.Basisphenoid-1,C24.med_sphen_ptery_junct_post_lat_oto_basiocc,l,6,1
385,3,basisphenoid,C24.Basisphenoid-2,C24.med_sphen_ptery_junct_post_lat_oto_basiocc,l,6,1
386,4,basisphenoid,C24.Basisphenoid-3,C24.med_sphen_ptery_junct_post_lat_oto_basiocc,l,6,1
387,5,basisphenoid,C24.Basisphenoid-4,C24.med_sphen_ptery_junct_post_lat_oto_basiocc,l,6,1
388,6,basisphenoid,C24.Basisphenoid-5,C24.med_sphen_ptery_junct_post_lat_oto_basiocc,l,6,1
389,7,basisphenoid,C24.Basisphenoid-6,C24.med_sphen_ptery_junct_post_lat_oto_basiocc,l,6,1
390,8,basisphenoid,C24.Basisphenoid-7,C24.med_sphen_ptery_junct_post_lat_oto_basiocc,l,6,1
391,9,basisphenoid,C24.Basisphenoid-8,C24.med_sphen_ptery_junct_post_lat_oto_basiocc,l,6,1
392,10,basisphenoid,C24.Basisphenoid-9,C24.med_sphen_ptery_junct_post_lat_oto_basiocc,l,6,1
393,1,basisphenoid,C25.Basisphenoid-0,C25.post_lat_oto_basiocc_med_basiocc_occ_cond_junct,l,6,1
394,2,basisphenoid,C25.Basisphenoid-1,C25.post_lat_oto_basiocc_med_basiocc_occ_cond_junct,l,6,1
395,3,basisphenoid,C25.Basisphenoid-2,C25.post_lat_oto_basiocc_med_basiocc_occ_cond_junct,l,6,1
396,4,basisphenoid,C25.Basisphenoid-3,C25.post_lat_oto_basiocc_med_basiocc_occ_cond_junct,l,6,1
397,5,basisphenoid,C25.Basisphenoid-4,C25.post_lat_oto_basiocc_med_basiocc_occ_cond_junct,l,6,1
398,6,basisphenoid,C25.Basisphenoid-5,C25.post_lat_oto_basiocc_med_basiocc_occ_cond_junct,l,6,1
399,7,basisphenoid,C25.Basisphenoid-6,C25.post_lat_oto_basiocc_med_basiocc_occ_cond_junct,l,6,1
400,8,basisphenoid,C25.Basisphenoid-7,C25.post_lat_oto_basiocc_med_basiocc_occ_cond_junct,l,6,1
401,9,basisphenoid,C25.Basisphenoid-8,C25.post_lat_oto_basiocc_med_basiocc_occ_cond_junct,l,6,1
402,10,basisphenoid,C25.Basisphenoid-9,C25.post_lat_oto_basiocc_med_basiocc_occ_cond_junct,l,6,1
403,1,occipital_condyle,C26.Occipital_Condyle-0,C26.vent_med_for_mag_med_basiocc_occ_cond_junct,l,7,1
404,2,occipital_condyle,C26.Occipital_Condyle-1,C26.vent_med_for_mag_med_basiocc_occ_cond_junct,l,7,1
405,3,occipital_condyle,C26.Occipital_Condyle-2,C26.vent_med_for_mag_med_basiocc_occ_cond_junct,l,7,1
406,4,occipital_condyle,C26.Occipital_Condyle-3,C26.vent_med_for_mag_med_basiocc_occ_cond_junct,l,7,1
407,5,occipital_condyle,C26.Occipital_Condyle-4,C26.vent_med_for_mag_med_basiocc_occ_cond_junct,l,7,1
408,6,occipital_condyle,C26.Occipital_Condyle-5,C26.vent_med_for_mag_med_basiocc_occ_cond_junct,l,7,1
409,7,occipital_condyle,C26.Occipital_Condyle-6,C26.vent_med_for_mag_med_basiocc_occ_cond_junct,l,7,1
410,8,occipital_condyle,C26.Occipital_Condyle-7,C26.vent_med_for_mag_med_basiocc_occ_cond_junct,l,7,1
411,9,occipital_condyle,C26.Occipital_Condyle-8,C26.vent_med_for_mag_med_basiocc_occ_cond_junct,l,7,1
412,10,occipital_condyle,C26.Occipital_Condyle-9,C26.vent_med_for_mag_med_basiocc_occ_cond_junct,l,7,1
413,1,occipital_condyle,C27.Occipital_Condyle-0,C27.med_basiocc_occ_cond_junct_vent_med_for_mag,l,7,1
414,2,occipital_condyle,C27.Occipital_Condyle-1,C27.med_basiocc_occ_cond_junct_vent_med_for_mag,l,7,1
415,3,occipital_condyle,C27.Occipital_Condyle-2,C27.med_basiocc_occ_cond_junct_vent_med_for_mag,l,7,1
416,4,occipital_condyle,C27.Occipital_Condyle-3,C27.med_basiocc_occ_cond_junct_vent_med_for_mag,l,7,1
417,5,occipital_condyle,C27.Occipital_Condyle-4,C27.med_basiocc_occ_cond_junct_vent_med_for_mag,l,7,1
418,6,occipital_condyle,C27.Occipital_Condyle-5,C27.med_basiocc_occ_cond_junct_vent_med_for_mag,l,7,1
419,7,occipital_condyle,C27.Occipital_Condyle-6,C27.med_basiocc_occ_cond_junct_vent_med_for_mag,l,7,1
420,8,occipital_condyle,C27.Occipital_Condyle-7,C27.med_basiocc_occ_cond_junct_vent_med_for_mag,l,7,1
421,9,occipital_condyle,C27.Occipital_Condyle-8,C27.med_basiocc_occ_cond_junct_vent_med_for_mag,l,7,1
422,10,occipital_condyle,C27.Occipital_Condyle-9,C27.med_basiocc_occ_cond_junct_vent_med_for_mag,l,7,1
423,1,maxilla,C28.Maxilla-0,C28.teeth_row_post_ant_max,l,8,2
424,2,maxilla,C28.Maxilla-1,C28.teeth_row_post_ant_max,l,8,2
425,3,maxilla,C28.Maxilla-2,C28.teeth_row_post_ant_max,l,8,2
426,4,maxilla,C28.Maxilla-3,C28.teeth_row_post_ant_max,l,8,2
427,5,maxilla,C28.Maxilla-4,C28.teeth_row_post_ant_max,l,8,2
428,6,maxilla,C28.Maxilla-5,C28.teeth_row_post_ant_max,l,8,2
429,7,maxilla,C28.Maxilla-6,C28.teeth_row_post_ant_max,l,8,2
430,8,maxilla,C28.Maxilla-7,C28.teeth_row_post_ant_max,l,8,2
431,9,maxilla,C28.Maxilla-8,C28.teeth_row_post_ant_max,l,8,2
432,10,maxilla,C28.Maxilla-9,C28.teeth_row_post_ant_max,l,8,2
433,1,maxilla,C29.Maxilla-0,C29.ectoptery_porc_post_ant_max,l,8,2
434,2,maxilla,C29.Maxilla-1,C29.ectoptery_porc_post_ant_max,l,8,2
435,3,maxilla,C29.Maxilla-2,C29.ectoptery_porc_post_ant_max,l,8,2
436,4,maxilla,C29.Maxilla-3,C29.ectoptery_porc_post_ant_max,l,8,2
437,5,maxilla,C29.Maxilla-4,C29.ectoptery_porc_post_ant_max,l,8,2
438,6,maxilla,C29.Maxilla-5,C29.ectoptery_porc_post_ant_max,l,8,2
439,7,maxilla,C29.Maxilla-6,C29.ectoptery_porc_post_ant_max,l,8,2
440,8,maxilla,C29.Maxilla-7,C29.ectoptery_porc_post_ant_max,l,8,2
441,9,maxilla,C29.Maxilla-8,C29.ectoptery_porc_post_ant_max,l,8,2
442,10,maxilla,C29.Maxilla-9,C29.ectoptery_porc_post_ant_max,l,8,2
443,1,maxilla,C30.Maxilla-0,C30.ectoptery_proc_ant_palat_fac_post_max,l,8,2
444,2,maxilla,C30.Maxilla-1,C30.ectoptery_proc_ant_palat_fac_post_max,l,8,2
445,3,maxilla,C30.Maxilla-2,C30.ectoptery_proc_ant_palat_fac_post_max,l,8,2
446,4,maxilla,C30.Maxilla-3,C30.ectoptery_proc_ant_palat_fac_post_max,l,8,2
447,5,maxilla,C30.Maxilla-4,C30.ectoptery_proc_ant_palat_fac_post_max,l,8,2
448,6,maxilla,C30.Maxilla-5,C30.ectoptery_proc_ant_palat_fac_post_max,l,8,2
449,7,maxilla,C30.Maxilla-6,C30.ectoptery_proc_ant_palat_fac_post_max,l,8,2
450,8,maxilla,C30.Maxilla-7,C30.ectoptery_proc_ant_palat_fac_post_max,l,8,2
451,9,maxilla,C30.Maxilla-8,C30.ectoptery_proc_ant_palat_fac_post_max,l,8,2
452,10,maxilla,C30.Maxilla-9,C30.ectoptery_proc_ant_palat_fac_post_max,l,8,2
453,1,maxilla,C31.Maxilla-0,C31.palat_fac_post_ant_max,l,8,2
454,2,maxilla,C31.Maxilla-1,C31.palat_fac_post_ant_max,l,8,2
455,3,maxilla,C31.Maxilla-2,C31.palat_fac_post_ant_max,l,8,2
456,4,maxilla,C31.Maxilla-3,C31.palat_fac_post_ant_max,l,8,2
457,5,maxilla,C31.Maxilla-4,C31.palat_fac_post_ant_max,l,8,2
458,6,maxilla,C31.Maxilla-5,C31.palat_fac_post_ant_max,l,8,2
459,7,maxilla,C31.Maxilla-6,C31.palat_fac_post_ant_max,l,8,2
460,8,maxilla,C31.Maxilla-7,C31.palat_fac_post_ant_max,l,8,2
461,9,maxilla,C31.Maxilla-8,C31.palat_fac_post_ant_max,l,8,2
462,10,maxilla,C31.Maxilla-9,C31.palat_fac_post_ant_max,l,8,2
463,1,maxilla,C32.Maxilla-0,C32.ant_dors_ridge_palat_fac_ant_teeth_row_ant_max,l,8,2
464,2,maxilla,C32.Maxilla-1,C32.ant_dors_ridge_palat_fac_ant_teeth_row_ant_max,l,8,2
465,3,maxilla,C32.Maxilla-2,C32.ant_dors_ridge_palat_fac_ant_teeth_row_ant_max,l,8,2
466,4,maxilla,C32.Maxilla-3,C32.ant_dors_ridge_palat_fac_ant_teeth_row_ant_max,l,8,2
467,5,maxilla,C32.Maxilla-4,C32.ant_dors_ridge_palat_fac_ant_teeth_row_ant_max,l,8,2
468,6,maxilla,C32.Maxilla-5,C32.ant_dors_ridge_palat_fac_ant_teeth_row_ant_max,l,8,2
469,7,maxilla,C32.Maxilla-6,C32.ant_dors_ridge_palat_fac_ant_teeth_row_ant_max,l,8,2
470,8,maxilla,C32.Maxilla-7,C32.ant_dors_ridge_palat_fac_ant_teeth_row_ant_max,l,8,2
471,9,maxilla,C32.Maxilla-8,C32.ant_dors_ridge_palat_fac_ant_teeth_row_ant_max,l,8,2
472,10,maxilla,C32.Maxilla-9,C32.ant_dors_ridge_palat_fac_ant_teeth_row_ant_max,l,8,2
473,1,maxilla,C33.Maxilla-0,C33.dors_ridge_teeth_row_post_ant_max,l,8,2
474,2,maxilla,C33.Maxilla-1,C33.dors_ridge_teeth_row_post_ant_max,l,8,2
475,3,maxilla,C33.Maxilla-2,C33.dors_ridge_teeth_row_post_ant_max,l,8,2
476,4,maxilla,C33.Maxilla-3,C33.dors_ridge_teeth_row_post_ant_max,l,8,2
477,5,maxilla,C33.Maxilla-4,C33.dors_ridge_teeth_row_post_ant_max,l,8,2
478,6,maxilla,C33.Maxilla-5,C33.dors_ridge_teeth_row_post_ant_max,l,8,2
479,7,maxilla,C33.Maxilla-6,C33.dors_ridge_teeth_row_post_ant_max,l,8,2
480,8,maxilla,C33.Maxilla-7,C33.dors_ridge_teeth_row_post_ant_max,l,8,2
481,9,maxilla,C33.Maxilla-8,C33.dors_ridge_teeth_row_post_ant_max,l,8,2
482,10,maxilla,C33.Maxilla-9,C33.dors_ridge_teeth_row_post_ant_max,l,8,2
483,1,maxilla,C34.Maxilla-0,C34.post_med_ridge_teeth_row_post_ectoptery_proc_post_max,l,8,2
484,2,maxilla,C34.Maxilla-1,C34.post_med_ridge_teeth_row_post_ectoptery_proc_post_max,l,8,2
485,3,maxilla,C34.Maxilla-2,C34.post_med_ridge_teeth_row_post_ectoptery_proc_post_max,l,8,2
486,4,maxilla,C34.Maxilla-3,C34.post_med_ridge_teeth_row_post_ectoptery_proc_post_max,l,8,2
487,5,maxilla,C34.Maxilla-4,C34.post_med_ridge_teeth_row_post_ectoptery_proc_post_max,l,8,2
488,6,maxilla,C34.Maxilla-5,C34.post_med_ridge_teeth_row_post_ectoptery_proc_post_max,l,8,2
489,7,maxilla,C34.Maxilla-6,C34.post_med_ridge_teeth_row_post_ectoptery_proc_post_max,l,8,2
490,8,maxilla,C34.Maxilla-7,C34.post_med_ridge_teeth_row_post_ectoptery_proc_post_max,l,8,2
491,9,maxilla,C34.Maxilla-8,C34.post_med_ridge_teeth_row_post_ectoptery_proc_post_max,l,8,2
492,10,maxilla,C34.Maxilla-9,C34.post_med_ridge_teeth_row_post_ectoptery_proc_post_max,l,8,2
493,1,palatine,C35.Palatine-0,C35.ptery_fac_post_lat_dors_ant_palat,l,9,3
494,2,palatine,C35.Palatine-1,C35.ptery_fac_post_lat_dors_ant_palat,l,9,3
495,3,palatine,C35.Palatine-2,C35.ptery_fac_post_lat_dors_ant_palat,l,9,3
496,4,palatine,C35.Palatine-3,C35.ptery_fac_post_lat_dors_ant_palat,l,9,3
497,5,palatine,C35.Palatine-4,C35.ptery_fac_post_lat_dors_ant_palat,l,9,3
498,6,palatine,C35.Palatine-5,C35.ptery_fac_post_lat_dors_ant_palat,l,9,3
499,7,palatine,C35.Palatine-6,C35.ptery_fac_post_lat_dors_ant_palat,l,9,3
500,8,palatine,C35.Palatine-7,C35.ptery_fac_post_lat_dors_ant_palat,l,9,3
501,9,palatine,C35.Palatine-8,C35.ptery_fac_post_lat_dors_ant_palat,l,9,3
502,10,palatine,C35.Palatine-9,C35.ptery_fac_post_lat_dors_ant_palat,l,9,3
503,1,palatine,C36.Palatine-0,C36.ptery_fac_dors_ant_post_med_palat,l,9,3
504,2,palatine,C36.Palatine-1,C36.ptery_fac_dors_ant_post_med_palat,l,9,3
505,3,palatine,C36.Palatine-2,C36.ptery_fac_dors_ant_post_med_palat,l,9,3
506,4,palatine,C36.Palatine-3,C36.ptery_fac_dors_ant_post_med_palat,l,9,3
507,5,palatine,C36.Palatine-4,C36.ptery_fac_dors_ant_post_med_palat,l,9,3
508,6,palatine,C36.Palatine-5,C36.ptery_fac_dors_ant_post_med_palat,l,9,3
509,7,palatine,C36.Palatine-6,C36.ptery_fac_dors_ant_post_med_palat,l,9,3
510,8,palatine,C36.Palatine-7,C36.ptery_fac_dors_ant_post_med_palat,l,9,3
511,9,palatine,C36.Palatine-8,C36.ptery_fac_dors_ant_post_med_palat,l,9,3
512,10,palatine,C36.Palatine-9,C36.ptery_fac_dors_ant_post_med_palat,l,9,3
513,1,palatine,C37.Palatine-0,C37.ptery_fac_post_med_vent_ant_palat,l,9,3
514,2,palatine,C37.Palatine-1,C37.ptery_fac_post_med_vent_ant_palat,l,9,3
515,3,palatine,C37.Palatine-2,C37.ptery_fac_post_med_vent_ant_palat,l,9,3
516,4,palatine,C37.Palatine-3,C37.ptery_fac_post_med_vent_ant_palat,l,9,3
517,5,palatine,C37.Palatine-4,C37.ptery_fac_post_med_vent_ant_palat,l,9,3
518,6,palatine,C37.Palatine-5,C37.ptery_fac_post_med_vent_ant_palat,l,9,3
519,7,palatine,C37.Palatine-6,C37.ptery_fac_post_med_vent_ant_palat,l,9,3
520,8,palatine,C37.Palatine-7,C37.ptery_fac_post_med_vent_ant_palat,l,9,3
521,9,palatine,C37.Palatine-8,C37.ptery_fac_post_med_vent_ant_palat,l,9,3
522,10,palatine,C37.Palatine-9,C37.ptery_fac_post_med_vent_ant_palat,l,9,3
523,1,palatine,C38.Palatine-0,C38.ptery_fac_vent_ant_post_lat_palat,l,9,3
524,2,palatine,C38.Palatine-1,C38.ptery_fac_vent_ant_post_lat_palat,l,9,3
525,3,palatine,C38.Palatine-2,C38.ptery_fac_vent_ant_post_lat_palat,l,9,3
526,4,palatine,C38.Palatine-3,C38.ptery_fac_vent_ant_post_lat_palat,l,9,3
527,5,palatine,C38.Palatine-4,C38.ptery_fac_vent_ant_post_lat_palat,l,9,3
528,6,palatine,C38.Palatine-5,C38.ptery_fac_vent_ant_post_lat_palat,l,9,3
529,7,palatine,C38.Palatine-6,C38.ptery_fac_vent_ant_post_lat_palat,l,9,3
530,8,palatine,C38.Palatine-7,C38.ptery_fac_vent_ant_post_lat_palat,l,9,3
531,9,palatine,C38.Palatine-8,C38.ptery_fac_vent_ant_post_lat_palat,l,9,3
532,10,palatine,C38.Palatine-9,C38.ptery_fac_vent_ant_post_lat_palat,l,9,3
533,1,palatine,C39.Palatine-0,C39.teeth_row_post_ant_palat,l,9,3
534,2,palatine,C39.Palatine-1,C39.teeth_row_post_ant_palat,l,9,3
535,3,palatine,C39.Palatine-2,C39.teeth_row_post_ant_palat,l,9,3
536,4,palatine,C39.Palatine-3,C39.teeth_row_post_ant_palat,l,9,3
537,5,palatine,C39.Palatine-4,C39.teeth_row_post_ant_palat,l,9,3
538,6,palatine,C39.Palatine-5,C39.teeth_row_post_ant_palat,l,9,3
539,7,palatine,C39.Palatine-6,C39.teeth_row_post_ant_palat,l,9,3
540,8,palatine,C39.Palatine-7,C39.teeth_row_post_ant_palat,l,9,3
541,9,palatine,C39.Palatine-8,C39.teeth_row_post_ant_palat,l,9,3
542,10,palatine,C39.Palatine-9,C39.teeth_row_post_ant_palat,l,9,3
543,1,palatine,C40.Palatine-0,C40.teeth_row_ant_post_palat,l,9,3
544,2,palatine,C40.Palatine-1,C40.teeth_row_ant_post_palat,l,9,3
545,3,palatine,C40.Palatine-2,C40.teeth_row_ant_post_palat,l,9,3
546,4,palatine,C40.Palatine-3,C40.teeth_row_ant_post_palat,l,9,3
547,5,palatine,C40.Palatine-4,C40.teeth_row_ant_post_palat,l,9,3
548,6,palatine,C40.Palatine-5,C40.teeth_row_ant_post_palat,l,9,3
549,7,palatine,C40.Palatine-6,C40.teeth_row_ant_post_palat,l,9,3
550,8,palatine,C40.Palatine-7,C40.teeth_row_ant_post_palat,l,9,3
551,9,palatine,C40.Palatine-8,C40.teeth_row_ant_post_palat,l,9,3
552,10,palatine,C40.Palatine-9,C40.teeth_row_ant_post_palat,l,9,3
553,1,palatine,C41.Palatine-0,C41.max_fac_ant_post_med_palat,l,9,3
554,2,palatine,C41.Palatine-1,C41.max_fac_ant_post_med_palat,l,9,3
555,3,palatine,C41.Palatine-2,C41.max_fac_ant_post_med_palat,l,9,3
556,4,palatine,C41.Palatine-3,C41.max_fac_ant_post_med_palat,l,9,3
557,5,palatine,C41.Palatine-4,C41.max_fac_ant_post_med_palat,l,9,3
558,6,palatine,C41.Palatine-5,C41.max_fac_ant_post_med_palat,l,9,3
559,7,palatine,C41.Palatine-6,C41.max_fac_ant_post_med_palat,l,9,3
560,8,palatine,C41.Palatine-7,C41.max_fac_ant_post_med_palat,l,9,3
561,9,palatine,C41.Palatine-8,C41.max_fac_ant_post_med_palat,l,9,3
562,10,palatine,C41.Palatine-9,C41.max_fac_ant_post_med_palat,l,9,3
563,1,palatine,C42.Palatine-0,C42.dors_edge_ant_ant_med_palat,l,9,3
564,2,palatine,C42.Palatine-1,C42.dors_edge_ant_ant_med_palat,l,9,3
565,3,palatine,C42.Palatine-2,C42.dors_edge_ant_ant_med_palat,l,9,3
566,4,palatine,C42.Palatine-3,C42.dors_edge_ant_ant_med_palat,l,9,3
567,5,palatine,C42.Palatine-4,C42.dors_edge_ant_ant_med_palat,l,9,3
568,6,palatine,C42.Palatine-5,C42.dors_edge_ant_ant_med_palat,l,9,3
569,7,palatine,C42.Palatine-6,C42.dors_edge_ant_ant_med_palat,l,9,3
570,8,palatine,C42.Palatine-7,C42.dors_edge_ant_ant_med_palat,l,9,3
571,9,palatine,C42.Palatine-8,C42.dors_edge_ant_ant_med_palat,l,9,3
572,10,palatine,C42.Palatine-9,C42.dors_edge_ant_ant_med_palat,l,9,3
573,1,palatine,C43.Palatine-0,C43.dors_med_edge_ant_med_ptery_fac_post_med_palat,l,9,3
574,2,palatine,C43.Palatine-1,C43.dors_med_edge_ant_med_ptery_fac_post_med_palat,l,9,3
575,3,palatine,C43.Palatine-2,C43.dors_med_edge_ant_med_ptery_fac_post_med_palat,l,9,3
576,4,palatine,C43.Palatine-3,C43.dors_med_edge_ant_med_ptery_fac_post_med_palat,l,9,3
577,5,palatine,C43.Palatine-4,C43.dors_med_edge_ant_med_ptery_fac_post_med_palat,l,9,3
578,6,palatine,C43.Palatine-5,C43.dors_med_edge_ant_med_ptery_fac_post_med_palat,l,9,3
579,7,palatine,C43.Palatine-6,C43.dors_med_edge_ant_med_ptery_fac_post_med_palat,l,9,3
580,8,palatine,C43.Palatine-7,C43.dors_med_edge_ant_med_ptery_fac_post_med_palat,l,9,3
581,9,palatine,C43.Palatine-8,C43.dors_med_edge_ant_med_ptery_fac_post_med_palat,l,9,3
582,10,palatine,C43.Palatine-9,C43.dors_med_edge_ant_med_ptery_fac_post_med_palat,l,9,3
583,1,ectopterygoid,C44.Ectopterygoid-0,C44.ant_edge_ant_lat_ectoptery,l,10,4
584,2,ectopterygoid,C44.Ectopterygoid-1,C44.ant_edge_ant_lat_ectoptery,l,10,4
585,3,ectopterygoid,C44.Ectopterygoid-2,C44.ant_edge_ant_lat_ectoptery,l,10,4
586,4,ectopterygoid,C44.Ectopterygoid-3,C44.ant_edge_ant_lat_ectoptery,l,10,4
587,5,ectopterygoid,C44.Ectopterygoid-4,C44.ant_edge_ant_lat_ectoptery,l,10,4
588,6,ectopterygoid,C44.Ectopterygoid-5,C44.ant_edge_ant_lat_ectoptery,l,10,4
589,7,ectopterygoid,C44.Ectopterygoid-6,C44.ant_edge_ant_lat_ectoptery,l,10,4
590,8,ectopterygoid,C44.Ectopterygoid-7,C44.ant_edge_ant_lat_ectoptery,l,10,4
591,9,ectopterygoid,C44.Ectopterygoid-8,C44.ant_edge_ant_lat_ectoptery,l,10,4
592,10,ectopterygoid,C44.Ectopterygoid-9,C44.ant_edge_ant_lat_ectoptery,l,10,4
593,1,ectopterygoid,C45.Ectopterygoid-0,C45.med_edge_ant_med_post_ectoptery,l,10,4
594,2,ectopterygoid,C45.Ectopterygoid-1,C45.med_edge_ant_med_post_ectoptery,l,10,4
595,3,ectopterygoid,C45.Ectopterygoid-2,C45.med_edge_ant_med_post_ectoptery,l,10,4
596,4,ectopterygoid,C45.Ectopterygoid-3,C45.med_edge_ant_med_post_ectoptery,l,10,4
597,5,ectopterygoid,C45.Ectopterygoid-4,C45.med_edge_ant_med_post_ectoptery,l,10,4
598,6,ectopterygoid,C45.Ectopterygoid-5,C45.med_edge_ant_med_post_ectoptery,l,10,4
599,7,ectopterygoid,C45.Ectopterygoid-6,C45.med_edge_ant_med_post_ectoptery,l,10,4
600,8,ectopterygoid,C45.Ectopterygoid-7,C45.med_edge_ant_med_post_ectoptery,l,10,4
601,9,ectopterygoid,C45.Ectopterygoid-8,C45.med_edge_ant_med_post_ectoptery,l,10,4
602,10,ectopterygoid,C45.Ectopterygoid-9,C45.med_edge_ant_med_post_ectoptery,l,10,4
603,1,ectopterygoid,C46.Ectopterygoid-0,C46.lat_edge_post_ant_lat_ectoptery,l,10,4
604,2,ectopterygoid,C46.Ectopterygoid-1,C46.lat_edge_post_ant_lat_ectoptery,l,10,4
605,3,ectopterygoid,C46.Ectopterygoid-2,C46.lat_edge_post_ant_lat_ectoptery,l,10,4
606,4,ectopterygoid,C46.Ectopterygoid-3,C46.lat_edge_post_ant_lat_ectoptery,l,10,4
607,5,ectopterygoid,C46.Ectopterygoid-4,C46.lat_edge_post_ant_lat_ectoptery,l,10,4
608,6,ectopterygoid,C46.Ectopterygoid-5,C46.lat_edge_post_ant_lat_ectoptery,l,10,4
609,7,ectopterygoid,C46.Ectopterygoid-6,C46.lat_edge_post_ant_lat_ectoptery,l,10,4
610,8,ectopterygoid,C46.Ectopterygoid-7,C46.lat_edge_post_ant_lat_ectoptery,l,10,4
611,9,ectopterygoid,C46.Ectopterygoid-8,C46.lat_edge_post_ant_lat_ectoptery,l,10,4
612,10,ectopterygoid,C46.Ectopterygoid-9,C46.lat_edge_post_ant_lat_ectoptery,l,10,4
613,1,pterygoid,C47.Pterygoid-0,C47.post_vent_edge_post_teeth_row_post_ptery,l,11,5
614,2,pterygoid,C47.Pterygoid-1,C47.post_vent_edge_post_teeth_row_post_ptery,l,11,5
615,3,pterygoid,C47.Pterygoid-2,C47.post_vent_edge_post_teeth_row_post_ptery,l,11,5
616,4,pterygoid,C47.Pterygoid-3,C47.post_vent_edge_post_teeth_row_post_ptery,l,11,5
617,5,pterygoid,C47.Pterygoid-4,C47.post_vent_edge_post_teeth_row_post_ptery,l,11,5
618,6,pterygoid,C47.Pterygoid-5,C47.post_vent_edge_post_teeth_row_post_ptery,l,11,5
619,7,pterygoid,C47.Pterygoid-6,C47.post_vent_edge_post_teeth_row_post_ptery,l,11,5
620,8,pterygoid,C47.Pterygoid-7,C47.post_vent_edge_post_teeth_row_post_ptery,l,11,5
621,9,pterygoid,C47.Pterygoid-8,C47.post_vent_edge_post_teeth_row_post_ptery,l,11,5
622,10,pterygoid,C47.Pterygoid-9,C47.post_vent_edge_post_teeth_row_post_ptery,l,11,5
623,1,pterygoid,C48.Pterygoid-0,C48.teeth_row_lat_post_ant_ptery,l,11,5
624,2,pterygoid,C48.Pterygoid-1,C48.teeth_row_lat_post_ant_ptery,l,11,5
625,3,pterygoid,C48.Pterygoid-2,C48.teeth_row_lat_post_ant_ptery,l,11,5
626,4,pterygoid,C48.Pterygoid-3,C48.teeth_row_lat_post_ant_ptery,l,11,5
627,5,pterygoid,C48.Pterygoid-4,C48.teeth_row_lat_post_ant_ptery,l,11,5
628,6,pterygoid,C48.Pterygoid-5,C48.teeth_row_lat_post_ant_ptery,l,11,5
629,7,pterygoid,C48.Pterygoid-6,C48.teeth_row_lat_post_ant_ptery,l,11,5
630,8,pterygoid,C48.Pterygoid-7,C48.teeth_row_lat_post_ant_ptery,l,11,5
631,9,pterygoid,C48.Pterygoid-8,C48.teeth_row_lat_post_ant_ptery,l,11,5
632,10,pterygoid,C48.Pterygoid-9,C48.teeth_row_lat_post_ant_ptery,l,11,5
633,1,pterygoid,C49.Pterygoid-0,C49.teeth_row_med_post_ant_ptery,l,11,5
634,2,pterygoid,C49.Pterygoid-1,C49.teeth_row_med_post_ant_ptery,l,11,5
635,3,pterygoid,C49.Pterygoid-2,C49.teeth_row_med_post_ant_ptery,l,11,5
636,4,pterygoid,C49.Pterygoid-3,C49.teeth_row_med_post_ant_ptery,l,11,5
637,5,pterygoid,C49.Pterygoid-4,C49.teeth_row_med_post_ant_ptery,l,11,5
638,6,pterygoid,C49.Pterygoid-5,C49.teeth_row_med_post_ant_ptery,l,11,5
639,7,pterygoid,C49.Pterygoid-6,C49.teeth_row_med_post_ant_ptery,l,11,5
640,8,pterygoid,C49.Pterygoid-7,C49.teeth_row_med_post_ant_ptery,l,11,5
641,9,pterygoid,C49.Pterygoid-8,C49.teeth_row_med_post_ant_ptery,l,11,5
642,10,pterygoid,C49.Pterygoid-9,C49.teeth_row_med_post_ant_ptery,l,11,5
643,1,pterygoid,C50.Pterygoid-0,C50.post_dors_edge_post_ectoptery_fac_ant_ptery,l,11,5
644,2,pterygoid,C50.Pterygoid-1,C50.post_dors_edge_post_ectoptery_fac_ant_ptery,l,11,5
645,3,pterygoid,C50.Pterygoid-2,C50.post_dors_edge_post_ectoptery_fac_ant_ptery,l,11,5
646,4,pterygoid,C50.Pterygoid-3,C50.post_dors_edge_post_ectoptery_fac_ant_ptery,l,11,5
647,5,pterygoid,C50.Pterygoid-4,C50.post_dors_edge_post_ectoptery_fac_ant_ptery,l,11,5
648,6,pterygoid,C50.Pterygoid-5,C50.post_dors_edge_post_ectoptery_fac_ant_ptery,l,11,5
649,7,pterygoid,C50.Pterygoid-6,C50.post_dors_edge_post_ectoptery_fac_ant_ptery,l,11,5
650,8,pterygoid,C50.Pterygoid-7,C50.post_dors_edge_post_ectoptery_fac_ant_ptery,l,11,5
651,9,pterygoid,C50.Pterygoid-8,C50.post_dors_edge_post_ectoptery_fac_ant_ptery,l,11,5
652,10,pterygoid,C50.Pterygoid-9,C50.post_dors_edge_post_ectoptery_fac_ant_ptery,l,11,5
653,1,pterygoid,C51.Pterygoid-0,C51.ant_dors_edge_ectoptery_fac_ant_teeth_row_ant_ptery,l,11,5
654,2,pterygoid,C51.Pterygoid-1,C51.ant_dors_edge_ectoptery_fac_ant_teeth_row_ant_ptery,l,11,5
655,3,pterygoid,C51.Pterygoid-2,C51.ant_dors_edge_ectoptery_fac_ant_teeth_row_ant_ptery,l,11,5
656,4,pterygoid,C51.Pterygoid-3,C51.ant_dors_edge_ectoptery_fac_ant_teeth_row_ant_ptery,l,11,5
657,5,pterygoid,C51.Pterygoid-4,C51.ant_dors_edge_ectoptery_fac_ant_teeth_row_ant_ptery,l,11,5
658,6,pterygoid,C51.Pterygoid-5,C51.ant_dors_edge_ectoptery_fac_ant_teeth_row_ant_ptery,l,11,5
659,7,pterygoid,C51.Pterygoid-6,C51.ant_dors_edge_ectoptery_fac_ant_teeth_row_ant_ptery,l,11,5
660,8,pterygoid,C51.Pterygoid-7,C51.ant_dors_edge_ectoptery_fac_ant_teeth_row_ant_ptery,l,11,5
661,9,pterygoid,C51.Pterygoid-8,C51.ant_dors_edge_ectoptery_fac_ant_teeth_row_ant_ptery,l,11,5
662,10,pterygoid,C51.Pterygoid-9,C51.ant_dors_edge_ectoptery_fac_ant_teeth_row_ant_ptery,l,11,5
663,1,pterygoid,C52.Pterygoid-0,C52.ectoptery_fac_post_ant_ptery,l,11,5
664,2,pterygoid,C52.Pterygoid-1,C52.ectoptery_fac_post_ant_ptery,l,11,5
665,3,pterygoid,C52.Pterygoid-2,C52.ectoptery_fac_post_ant_ptery,l,11,5
666,4,pterygoid,C52.Pterygoid-3,C52.ectoptery_fac_post_ant_ptery,l,11,5
667,5,pterygoid,C52.Pterygoid-4,C52.ectoptery_fac_post_ant_ptery,l,11,5
668,6,pterygoid,C52.Pterygoid-5,C52.ectoptery_fac_post_ant_ptery,l,11,5
669,7,pterygoid,C52.Pterygoid-6,C52.ectoptery_fac_post_ant_ptery,l,11,5
670,8,pterygoid,C52.Pterygoid-7,C52.ectoptery_fac_post_ant_ptery,l,11,5
671,9,pterygoid,C52.Pterygoid-8,C52.ectoptery_fac_post_ant_ptery,l,11,5
672,10,pterygoid,C52.Pterygoid-9,C52.ectoptery_fac_post_ant_ptery,l,11,5
673,1,pterygoid,C53.Pterygoid-0,C53.ectoptery_fac_ant_post_ptery,l,11,5
674,2,pterygoid,C53.Pterygoid-1,C53.ectoptery_fac_ant_post_ptery,l,11,5
675,3,pterygoid,C53.Pterygoid-2,C53.ectoptery_fac_ant_post_ptery,l,11,5
676,4,pterygoid,C53.Pterygoid-3,C53.ectoptery_fac_ant_post_ptery,l,11,5
677,5,pterygoid,C53.Pterygoid-4,C53.ectoptery_fac_ant_post_ptery,l,11,5
678,6,pterygoid,C53.Pterygoid-5,C53.ectoptery_fac_ant_post_ptery,l,11,5
679,7,pterygoid,C53.Pterygoid-6,C53.ectoptery_fac_ant_post_ptery,l,11,5
680,8,pterygoid,C53.Pterygoid-7,C53.ectoptery_fac_ant_post_ptery,l,11,5
681,9,pterygoid,C53.Pterygoid-8,C53.ectoptery_fac_ant_post_ptery,l,11,5
682,10,pterygoid,C53.Pterygoid-9,C53.ectoptery_fac_ant_post_ptery,l,11,5
683,1,dentary,C54.Dentary-0,C54.teeth_row_intramand_dors_post_teeth_row_ant_dent,l,12,6
684,2,dentary,C54.Dentary-1,C54.teeth_row_intramand_dors_post_teeth_row_ant_dent,l,12,6
685,3,dentary,C54.Dentary-2,C54.teeth_row_intramand_dors_post_teeth_row_ant_dent,l,12,6
686,4,dentary,C54.Dentary-3,C54.teeth_row_intramand_dors_post_teeth_row_ant_dent,l,12,6
687,5,dentary,C54.Dentary-4,C54.teeth_row_intramand_dors_post_teeth_row_ant_dent,l,12,6
688,6,dentary,C54.Dentary-5,C54.teeth_row_intramand_dors_post_teeth_row_ant_dent,l,12,6
689,7,dentary,C54.Dentary-6,C54.teeth_row_intramand_dors_post_teeth_row_ant_dent,l,12,6
690,8,dentary,C54.Dentary-7,C54.teeth_row_intramand_dors_post_teeth_row_ant_dent,l,12,6
691,9,dentary,C54.Dentary-8,C54.teeth_row_intramand_dors_post_teeth_row_ant_dent,l,12,6
692,10,dentary,C54.Dentary-9,C54.teeth_row_intramand_dors_post_teeth_row_ant_dent,l,12,6
693,1,dentary,C55.Dentary-0,C55.dent_comp_art_lat_edge_intramand_dors_post_dent_comp_art_ant_dent,l,12,6
694,2,dentary,C55.Dentary-1,C55.dent_comp_art_lat_edge_intramand_dors_post_dent_comp_art_ant_dent,l,12,6
695,3,dentary,C55.Dentary-2,C55.dent_comp_art_lat_edge_intramand_dors_post_dent_comp_art_ant_dent,l,12,6
696,4,dentary,C55.Dentary-3,C55.dent_comp_art_lat_edge_intramand_dors_post_dent_comp_art_ant_dent,l,12,6
697,5,dentary,C55.Dentary-4,C55.dent_comp_art_lat_edge_intramand_dors_post_dent_comp_art_ant_dent,l,12,6
698,6,dentary,C55.Dentary-5,C55.dent_comp_art_lat_edge_intramand_dors_post_dent_comp_art_ant_dent,l,12,6
699,7,dentary,C55.Dentary-6,C55.dent_comp_art_lat_edge_intramand_dors_post_dent_comp_art_ant_dent,l,12,6
700,8,dentary,C55.Dentary-7,C55.dent_comp_art_lat_edge_intramand_dors_post_dent_comp_art_ant_dent,l,12,6
701,9,dentary,C55.Dentary-8,C55.dent_comp_art_lat_edge_intramand_dors_post_dent_comp_art_ant_dent,l,12,6
702,10,dentary,C55.Dentary-9,C55.dent_comp_art_lat_edge_intramand_dors_post_dent_comp_art_ant_dent,l,12,6
703,1,dentary,C56.Dentary-0,C56.dent_comp_art_lat_edge_ant_intramand_vent_post_dent,l,12,6
704,2,dentary,C56.Dentary-1,C56.dent_comp_art_lat_edge_ant_intramand_vent_post_dent,l,12,6
705,3,dentary,C56.Dentary-2,C56.dent_comp_art_lat_edge_ant_intramand_vent_post_dent,l,12,6
706,4,dentary,C56.Dentary-3,C56.dent_comp_art_lat_edge_ant_intramand_vent_post_dent,l,12,6
707,5,dentary,C56.Dentary-4,C56.dent_comp_art_lat_edge_ant_intramand_vent_post_dent,l,12,6
708,6,dentary,C56.Dentary-5,C56.dent_comp_art_lat_edge_ant_intramand_vent_post_dent,l,12,6
709,7,dentary,C56.Dentary-6,C56.dent_comp_art_lat_edge_ant_intramand_vent_post_dent,l,12,6
710,8,dentary,C56.Dentary-7,C56.dent_comp_art_lat_edge_ant_intramand_vent_post_dent,l,12,6
711,9,dentary,C56.Dentary-8,C56.dent_comp_art_lat_edge_ant_intramand_vent_post_dent,l,12,6
712,10,dentary,C56.Dentary-9,C56.dent_comp_art_lat_edge_ant_intramand_vent_post_dent,l,12,6
713,1,dentary,C57.Dentary-0,C57.vent_edge_intramand_vent_post_teeth_row_ant_dent,l,12,6
714,2,dentary,C57.Dentary-1,C57.vent_edge_intramand_vent_post_teeth_row_ant_dent,l,12,6
715,3,dentary,C57.Dentary-2,C57.vent_edge_intramand_vent_post_teeth_row_ant_dent,l,12,6
716,4,dentary,C57.Dentary-3,C57.vent_edge_intramand_vent_post_teeth_row_ant_dent,l,12,6
717,5,dentary,C57.Dentary-4,C57.vent_edge_intramand_vent_post_teeth_row_ant_dent,l,12,6
718,6,dentary,C57.Dentary-5,C57.vent_edge_intramand_vent_post_teeth_row_ant_dent,l,12,6
719,7,dentary,C57.Dentary-6,C57.vent_edge_intramand_vent_post_teeth_row_ant_dent,l,12,6
720,8,dentary,C57.Dentary-7,C57.vent_edge_intramand_vent_post_teeth_row_ant_dent,l,12,6
721,9,dentary,C57.Dentary-8,C57.vent_edge_intramand_vent_post_teeth_row_ant_dent,l,12,6
722,10,dentary,C57.Dentary-9,C57.vent_edge_intramand_vent_post_teeth_row_ant_dent,l,12,6
723,1,dentary,C58.Dentary-0,C58.dent_comp_art_med_edge_dent_comp_art_ant_med_post_med_dent,l,12,6
724,2,dentary,C58.Dentary-1,C58.dent_comp_art_med_edge_dent_comp_art_ant_med_post_med_dent,l,12,6
725,3,dentary,C58.Dentary-2,C58.dent_comp_art_med_edge_dent_comp_art_ant_med_post_med_dent,l,12,6
726,4,dentary,C58.Dentary-3,C58.dent_comp_art_med_edge_dent_comp_art_ant_med_post_med_dent,l,12,6
727,5,dentary,C58.Dentary-4,C58.dent_comp_art_med_edge_dent_comp_art_ant_med_post_med_dent,l,12,6
728,6,dentary,C58.Dentary-5,C58.dent_comp_art_med_edge_dent_comp_art_ant_med_post_med_dent,l,12,6
729,7,dentary,C58.Dentary-6,C58.dent_comp_art_med_edge_dent_comp_art_ant_med_post_med_dent,l,12,6
730,8,dentary,C58.Dentary-7,C58.dent_comp_art_med_edge_dent_comp_art_ant_med_post_med_dent,l,12,6
731,9,dentary,C58.Dentary-8,C58.dent_comp_art_med_edge_dent_comp_art_ant_med_post_med_dent,l,12,6
732,10,dentary,C58.Dentary-9,C58.dent_comp_art_med_edge_dent_comp_art_ant_med_post_med_dent,l,12,6
733,1,dentary,C59.Dentary-0,C59.teeth_row_inter_teeth_row_dent_comp_art_teeth_row_ant_dent,l,12,6
734,2,dentary,C59.Dentary-1,C59.teeth_row_inter_teeth_row_dent_comp_art_teeth_row_ant_dent,l,12,6
735,3,dentary,C59.Dentary-2,C59.teeth_row_inter_teeth_row_dent_comp_art_teeth_row_ant_dent,l,12,6
736,4,dentary,C59.Dentary-3,C59.teeth_row_inter_teeth_row_dent_comp_art_teeth_row_ant_dent,l,12,6
737,5,dentary,C59.Dentary-4,C59.teeth_row_inter_teeth_row_dent_comp_art_teeth_row_ant_dent,l,12,6
738,6,dentary,C59.Dentary-5,C59.teeth_row_inter_teeth_row_dent_comp_art_teeth_row_ant_dent,l,12,6
739,7,dentary,C59.Dentary-6,C59.teeth_row_inter_teeth_row_dent_comp_art_teeth_row_ant_dent,l,12,6
740,8,dentary,C59.Dentary-7,C59.teeth_row_inter_teeth_row_dent_comp_art_teeth_row_ant_dent,l,12,6
741,9,dentary,C59.Dentary-8,C59.teeth_row_inter_teeth_row_dent_comp_art_teeth_row_ant_dent,l,12,6
742,10,dentary,C59.Dentary-9,C59.teeth_row_inter_teeth_row_dent_comp_art_teeth_row_ant_dent,l,12,6
743,1,compound,C60.Compound-0,C60.dors_ridge_ant_ant_inter_surang_preart_proc_comp,l,13,7
744,2,compound,C60.Compound-1,C60.dors_ridge_ant_ant_inter_surang_preart_proc_comp,l,13,7
745,3,compound,C60.Compound-2,C60.dors_ridge_ant_ant_inter_surang_preart_proc_comp,l,13,7
746,4,compound,C60.Compound-3,C60.dors_ridge_ant_ant_inter_surang_preart_proc_comp,l,13,7
747,5,compound,C60.Compound-4,C60.dors_ridge_ant_ant_inter_surang_preart_proc_comp,l,13,7
748,6,compound,C60.Compound-5,C60.dors_ridge_ant_ant_inter_surang_preart_proc_comp,l,13,7
749,7,compound,C60.Compound-6,C60.dors_ridge_ant_ant_inter_surang_preart_proc_comp,l,13,7
750,8,compound,C60.Compound-7,C60.dors_ridge_ant_ant_inter_surang_preart_proc_comp,l,13,7
751,9,compound,C60.Compound-8,C60.dors_ridge_ant_ant_inter_surang_preart_proc_comp,l,13,7
752,10,compound,C60.Compound-9,C60.dors_ridge_ant_ant_inter_surang_preart_proc_comp,l,13,7
753,1,compound,C61.Compound-0,C61.surang_proc_ant_post_comp,l,13,7
754,2,compound,C61.Compound-1,C61.surang_proc_ant_post_comp,l,13,7
755,3,compound,C61.Compound-2,C61.surang_proc_ant_post_comp,l,13,7
756,4,compound,C61.Compound-3,C61.surang_proc_ant_post_comp,l,13,7
757,5,compound,C61.Compound-4,C61.surang_proc_ant_post_comp,l,13,7
758,6,compound,C61.Compound-5,C61.surang_proc_ant_post_comp,l,13,7
759,7,compound,C61.Compound-6,C61.surang_proc_ant_post_comp,l,13,7
760,8,compound,C61.Compound-7,C61.surang_proc_ant_post_comp,l,13,7
761,9,compound,C61.Compound-8,C61.surang_proc_ant_post_comp,l,13,7
762,10,compound,C61.Compound-9,C61.surang_proc_ant_post_comp,l,13,7
763,1,compound,C62.Compound-0,C62.preart_proc_ant_post_comp,l,13,7
764,2,compound,C62.Compound-1,C62.preart_proc_ant_post_comp,l,13,7
765,3,compound,C62.Compound-2,C62.preart_proc_ant_post_comp,l,13,7
766,4,compound,C62.Compound-3,C62.preart_proc_ant_post_comp,l,13,7
767,5,compound,C62.Compound-4,C62.preart_proc_ant_post_comp,l,13,7
768,6,compound,C62.Compound-5,C62.preart_proc_ant_post_comp,l,13,7
769,7,compound,C62.Compound-6,C62.preart_proc_ant_post_comp,l,13,7
770,8,compound,C62.Compound-7,C62.preart_proc_ant_post_comp,l,13,7
771,9,compound,C62.Compound-8,C62.preart_proc_ant_post_comp,l,13,7
772,10,compound,C62.Compound-9,C62.preart_proc_ant_post_comp,l,13,7
773,1,compound,C63.Compound-0,C63.comp_quad_joint_ant_edge_ant_lat_ant_med_comp,l,13,7
774,2,compound,C63.Compound-1,C63.comp_quad_joint_ant_edge_ant_lat_ant_med_comp,l,13,7
775,3,compound,C63.Compound-2,C63.comp_quad_joint_ant_edge_ant_lat_ant_med_comp,l,13,7
776,4,compound,C63.Compound-3,C63.comp_quad_joint_ant_edge_ant_lat_ant_med_comp,l,13,7
777,5,compound,C63.Compound-4,C63.comp_quad_joint_ant_edge_ant_lat_ant_med_comp,l,13,7
778,6,compound,C63.Compound-5,C63.comp_quad_joint_ant_edge_ant_lat_ant_med_comp,l,13,7
779,7,compound,C63.Compound-6,C63.comp_quad_joint_ant_edge_ant_lat_ant_med_comp,l,13,7
780,8,compound,C63.Compound-7,C63.comp_quad_joint_ant_edge_ant_lat_ant_med_comp,l,13,7
781,9,compound,C63.Compound-8,C63.comp_quad_joint_ant_edge_ant_lat_ant_med_comp,l,13,7
782,10,compound,C63.Compound-9,C63.comp_quad_joint_ant_edge_ant_lat_ant_med_comp,l,13,7
783,1,compound,C64.Compound-0,C64.comp_quad_joint_post_ege_post_alt_post_med_comp,l,13,7
784,2,compound,C64.Compound-1,C64.comp_quad_joint_post_ege_post_alt_post_med_comp,l,13,7
785,3,compound,C64.Compound-2,C64.comp_quad_joint_post_ege_post_alt_post_med_comp,l,13,7
786,4,compound,C64.Compound-3,C64.comp_quad_joint_post_ege_post_alt_post_med_comp,l,13,7
787,5,compound,C64.Compound-4,C64.comp_quad_joint_post_ege_post_alt_post_med_comp,l,13,7
788,6,compound,C64.Compound-5,C64.comp_quad_joint_post_ege_post_alt_post_med_comp,l,13,7
789,7,compound,C64.Compound-6,C64.comp_quad_joint_post_ege_post_alt_post_med_comp,l,13,7
790,8,compound,C64.Compound-7,C64.comp_quad_joint_post_ege_post_alt_post_med_comp,l,13,7
791,9,compound,C64.Compound-8,C64.comp_quad_joint_post_ege_post_alt_post_med_comp,l,13,7
792,10,compound,C64.Compound-9,C64.comp_quad_joint_post_ege_post_alt_post_med_comp,l,13,7
793,1,compound,C65.Compound-0,C65.vent_ridge_ant_post_vent_comp,l,13,7
794,2,compound,C65.Compound-1,C65.vent_ridge_ant_post_vent_comp,l,13,7
795,3,compound,C65.Compound-2,C65.vent_ridge_ant_post_vent_comp,l,13,7
796,4,compound,C65.Compound-3,C65.vent_ridge_ant_post_vent_comp,l,13,7
797,5,compound,C65.Compound-4,C65.vent_ridge_ant_post_vent_comp,l,13,7
798,6,compound,C65.Compound-5,C65.vent_ridge_ant_post_vent_comp,l,13,7
799,7,compound,C65.Compound-6,C65.vent_ridge_ant_post_vent_comp,l,13,7
800,8,compound,C65.Compound-7,C65.vent_ridge_ant_post_vent_comp,l,13,7
801,9,compound,C65.Compound-8,C65.vent_ridge_ant_post_vent_comp,l,13,7
802,10,compound,C65.Compound-9,C65.vent_ridge_ant_post_vent_comp,l,13,7
803,1,quadrate,C66.Quadrate-0,C66.quad_supratemp_joint_art_supratemp_dors_ant_dors_post_quad,l,14,8
804,2,quadrate,C66.Quadrate-1,C66.quad_supratemp_joint_art_supratemp_dors_ant_dors_post_quad,l,14,8
805,3,quadrate,C66.Quadrate-2,C66.quad_supratemp_joint_art_supratemp_dors_ant_dors_post_quad,l,14,8
806,4,quadrate,C66.Quadrate-3,C66.quad_supratemp_joint_art_supratemp_dors_ant_dors_post_quad,l,14,8
807,5,quadrate,C66.Quadrate-4,C66.quad_supratemp_joint_art_supratemp_dors_ant_dors_post_quad,l,14,8
808,6,quadrate,C66.Quadrate-5,C66.quad_supratemp_joint_art_supratemp_dors_ant_dors_post_quad,l,14,8
809,7,quadrate,C66.Quadrate-6,C66.quad_supratemp_joint_art_supratemp_dors_ant_dors_post_quad,l,14,8
810,8,quadrate,C66.Quadrate-7,C66.quad_supratemp_joint_art_supratemp_dors_ant_dors_post_quad,l,14,8
811,9,quadrate,C66.Quadrate-8,C66.quad_supratemp_joint_art_supratemp_dors_ant_dors_post_quad,l,14,8
812,10,quadrate,C66.Quadrate-9,C66.quad_supratemp_joint_art_supratemp_dors_ant_dors_post_quad,l,14,8
813,1,quadrate,C67.Quadrate-0,C67.quad_supratemp_joint_art_supratemp_dors_post_vent_post_quad,l,14,8
814,2,quadrate,C67.Quadrate-1,C67.quad_supratemp_joint_art_supratemp_dors_post_vent_post_quad,l,14,8
815,3,quadrate,C67.Quadrate-2,C67.quad_supratemp_joint_art_supratemp_dors_post_vent_post_quad,l,14,8
816,4,quadrate,C67.Quadrate-3,C67.quad_supratemp_joint_art_supratemp_dors_post_vent_post_quad,l,14,8
817,5,quadrate,C67.Quadrate-4,C67.quad_supratemp_joint_art_supratemp_dors_post_vent_post_quad,l,14,8
818,6,quadrate,C67.Quadrate-5,C67.quad_supratemp_joint_art_supratemp_dors_post_vent_post_quad,l,14,8
819,7,quadrate,C67.Quadrate-6,C67.quad_supratemp_joint_art_supratemp_dors_post_vent_post_quad,l,14,8
820,8,quadrate,C67.Quadrate-7,C67.quad_supratemp_joint_art_supratemp_dors_post_vent_post_quad,l,14,8
821,9,quadrate,C67.Quadrate-8,C67.quad_supratemp_joint_art_supratemp_dors_post_vent_post_quad,l,14,8
822,10,quadrate,C67.Quadrate-9,C67.quad_supratemp_joint_art_supratemp_dors_post_vent_post_quad,l,14,8
823,1,quadrate,C68.Quadrate-0,C68.quad_supratemp_joint_art_supratemp_cent_ant_dors_ant_quad,l,14,8
824,2,quadrate,C68.Quadrate-1,C68.quad_supratemp_joint_art_supratemp_cent_ant_dors_ant_quad,l,14,8
825,3,quadrate,C68.Quadrate-2,C68.quad_supratemp_joint_art_supratemp_cent_ant_dors_ant_quad,l,14,8
826,4,quadrate,C68.Quadrate-3,C68.quad_supratemp_joint_art_supratemp_cent_ant_dors_ant_quad,l,14,8
827,5,quadrate,C68.Quadrate-4,C68.quad_supratemp_joint_art_supratemp_cent_ant_dors_ant_quad,l,14,8
828,6,quadrate,C68.Quadrate-5,C68.quad_supratemp_joint_art_supratemp_cent_ant_dors_ant_quad,l,14,8
829,7,quadrate,C68.Quadrate-6,C68.quad_supratemp_joint_art_supratemp_cent_ant_dors_ant_quad,l,14,8
830,8,quadrate,C68.Quadrate-7,C68.quad_supratemp_joint_art_supratemp_cent_ant_dors_ant_quad,l,14,8
831,9,quadrate,C68.Quadrate-8,C68.quad_supratemp_joint_art_supratemp_cent_ant_dors_ant_quad,l,14,8
832,10,quadrate,C68.Quadrate-9,C68.quad_supratemp_joint_art_supratemp_cent_ant_dors_ant_quad,l,14,8
833,1,quadrate,C69.Quadrate-0,C69.lat_edge_art_supratemp_dors_ant_art_art_post_lat_quad,l,14,8
834,2,quadrate,C69.Quadrate-1,C69.lat_edge_art_supratemp_dors_ant_art_art_post_lat_quad,l,14,8
835,3,quadrate,C69.Quadrate-2,C69.lat_edge_art_supratemp_dors_ant_art_art_post_lat_quad,l,14,8
836,4,quadrate,C69.Quadrate-3,C69.lat_edge_art_supratemp_dors_ant_art_art_post_lat_quad,l,14,8
837,5,quadrate,C69.Quadrate-4,C69.lat_edge_art_supratemp_dors_ant_art_art_post_lat_quad,l,14,8
838,6,quadrate,C69.Quadrate-5,C69.lat_edge_art_supratemp_dors_ant_art_art_post_lat_quad,l,14,8
839,7,quadrate,C69.Quadrate-6,C69.lat_edge_art_supratemp_dors_ant_art_art_post_lat_quad,l,14,8
840,8,quadrate,C69.Quadrate-7,C69.lat_edge_art_supratemp_dors_ant_art_art_post_lat_quad,l,14,8
841,9,quadrate,C69.Quadrate-8,C69.lat_edge_art_supratemp_dors_ant_art_art_post_lat_quad,l,14,8
842,10,quadrate,C69.Quadrate-9,C69.lat_edge_art_supratemp_dors_ant_art_art_post_lat_quad,l,14,8
843,1,quadrate,C70.Quadrate-0,C70.quad_art_joint_art_art_post_lat_dors_ant_quad,l,14,8
844,2,quadrate,C70.Quadrate-1,C70.quad_art_joint_art_art_post_lat_dors_ant_quad,l,14,8
845,3,quadrate,C70.Quadrate-2,C70.quad_art_joint_art_art_post_lat_dors_ant_quad,l,14,8
846,4,quadrate,C70.Quadrate-3,C70.quad_art_joint_art_art_post_lat_dors_ant_quad,l,14,8
847,5,quadrate,C70.Quadrate-4,C70.quad_art_joint_art_art_post_lat_dors_ant_quad,l,14,8
848,6,quadrate,C70.Quadrate-5,C70.quad_art_joint_art_art_post_lat_dors_ant_quad,l,14,8
849,7,quadrate,C70.Quadrate-6,C70.quad_art_joint_art_art_post_lat_dors_ant_quad,l,14,8
850,8,quadrate,C70.Quadrate-7,C70.quad_art_joint_art_art_post_lat_dors_ant_quad,l,14,8
851,9,quadrate,C70.Quadrate-8,C70.quad_art_joint_art_art_post_lat_dors_ant_quad,l,14,8
852,10,quadrate,C70.Quadrate-9,C70.quad_art_joint_art_art_post_lat_dors_ant_quad,l,14,8
853,1,quadrate,C71.Quadrate-0,C71.quad_art_joint_art_art_dors_ant_post_med_quad,l,14,8
854,2,quadrate,C71.Quadrate-1,C71.quad_art_joint_art_art_dors_ant_post_med_quad,l,14,8
855,3,quadrate,C71.Quadrate-2,C71.quad_art_joint_art_art_dors_ant_post_med_quad,l,14,8
856,4,quadrate,C71.Quadrate-3,C71.quad_art_joint_art_art_dors_ant_post_med_quad,l,14,8
857,5,quadrate,C71.Quadrate-4,C71.quad_art_joint_art_art_dors_ant_post_med_quad,l,14,8
858,6,quadrate,C71.Quadrate-5,C71.quad_art_joint_art_art_dors_ant_post_med_quad,l,14,8
859,7,quadrate,C71.Quadrate-6,C71.quad_art_joint_art_art_dors_ant_post_med_quad,l,14,8
860,8,quadrate,C71.Quadrate-7,C71.quad_art_joint_art_art_dors_ant_post_med_quad,l,14,8
861,9,quadrate,C71.Quadrate-8,C71.quad_art_joint_art_art_dors_ant_post_med_quad,l,14,8
862,10,quadrate,C71.Quadrate-9,C71.quad_art_joint_art_art_dors_ant_post_med_quad,l,14,8
863,1,quadrate,C72.Quadrate-0,C72.quad_art_joint_art_art_post_med_vent_med_quad,l,14,8
864,2,quadrate,C72.Quadrate-1,C72.quad_art_joint_art_art_post_med_vent_med_quad,l,14,8
865,3,quadrate,C72.Quadrate-2,C72.quad_art_joint_art_art_post_med_vent_med_quad,l,14,8
866,4,quadrate,C72.Quadrate-3,C72.quad_art_joint_art_art_post_med_vent_med_quad,l,14,8
867,5,quadrate,C72.Quadrate-4,C72.quad_art_joint_art_art_post_med_vent_med_quad,l,14,8
868,6,quadrate,C72.Quadrate-5,C72.quad_art_joint_art_art_post_med_vent_med_quad,l,14,8
869,7,quadrate,C72.Quadrate-6,C72.quad_art_joint_art_art_post_med_vent_med_quad,l,14,8
870,8,quadrate,C72.Quadrate-7,C72.quad_art_joint_art_art_post_med_vent_med_quad,l,14,8
871,9,quadrate,C72.Quadrate-8,C72.quad_art_joint_art_art_post_med_vent_med_quad,l,14,8
872,10,quadrate,C72.Quadrate-9,C72.quad_art_joint_art_art_post_med_vent_med_quad,l,14,8
873,1,quadrate,C73.Quadrate-0,C73.quad_art_joint_art_art_post_med_vent_med_quad,l,14,8
874,2,quadrate,C73.Quadrate-1,C73.quad_art_joint_art_art_post_med_vent_med_quad,l,14,8
875,3,quadrate,C73.Quadrate-2,C73.quad_art_joint_art_art_post_med_vent_med_quad,l,14,8
876,4,quadrate,C73.Quadrate-3,C73.quad_art_joint_art_art_post_med_vent_med_quad,l,14,8
877,5,quadrate,C73.Quadrate-4,C73.quad_art_joint_art_art_post_med_vent_med_quad,l,14,8
878,6,quadrate,C73.Quadrate-5,C73.quad_art_joint_art_art_post_med_vent_med_quad,l,14,8
879,7,quadrate,C73.Quadrate-6,C73.quad_art_joint_art_art_post_med_vent_med_quad,l,14,8
880,8,quadrate,C73.Quadrate-7,C73.quad_art_joint_art_art_post_med_vent_med_quad,l,14,8
881,9,quadrate,C73.Quadrate-8,C73.quad_art_joint_art_art_post_med_vent_med_quad,l,14,8
882,10,quadrate,C73.Quadrate-9,C73.quad_art_joint_art_art_post_med_vent_med_quad,l,14,8
883,1,quadrate,C74.Quadrate-0,C74.quad_art_joint_art_art_vent_med_ant_lat_quad,l,14,8
884,2,quadrate,C74.Quadrate-1,C74.quad_art_joint_art_art_vent_med_ant_lat_quad,l,14,8
885,3,quadrate,C74.Quadrate-2,C74.quad_art_joint_art_art_vent_med_ant_lat_quad,l,14,8
886,4,quadrate,C74.Quadrate-3,C74.quad_art_joint_art_art_vent_med_ant_lat_quad,l,14,8
887,5,quadrate,C74.Quadrate-4,C74.quad_art_joint_art_art_vent_med_ant_lat_quad,l,14,8
888,6,quadrate,C74.Quadrate-5,C74.quad_art_joint_art_art_vent_med_ant_lat_quad,l,14,8
889,7,quadrate,C74.Quadrate-6,C74.quad_art_joint_art_art_vent_med_ant_lat_quad,l,14,8
890,8,quadrate,C74.Quadrate-7,C74.quad_art_joint_art_art_vent_med_ant_lat_quad,l,14,8
891,9,quadrate,C74.Quadrate-8,C74.quad_art_joint_art_art_vent_med_ant_lat_quad,l,14,8
892,10,quadrate,C74.Quadrate-9,C74.quad_art_joint_art_art_vent_med_ant_lat_quad,l,14,8
893,1,quadrate,C75.Quadrate-0,C75.quad_art_joint_art_art_ant_lat_ant_med_quad,l,14,8
894,2,quadrate,C75.Quadrate-1,C75.quad_art_joint_art_art_ant_lat_ant_med_quad,l,14,8
895,3,quadrate,C75.Quadrate-2,C75.quad_art_joint_art_art_ant_lat_ant_med_quad,l,14,8
896,4,quadrate,C75.Quadrate-3,C75.quad_art_joint_art_art_ant_lat_ant_med_quad,l,14,8
897,5,quadrate,C75.Quadrate-4,C75.quad_art_joint_art_art_ant_lat_ant_med_quad,l,14,8
898,6,quadrate,C75.Quadrate-5,C75.quad_art_joint_art_art_ant_lat_ant_med_quad,l,14,8
899,7,quadrate,C75.Quadrate-6,C75.quad_art_joint_art_art_ant_lat_ant_med_quad,l,14,8
900,8,quadrate,C75.Quadrate-7,C75.quad_art_joint_art_art_ant_lat_ant_med_quad,l,14,8
901,9,quadrate,C75.Quadrate-8,C75.quad_art_joint_art_art_ant_lat_ant_med_quad,l,14,8
902,10,quadrate,C75.Quadrate-9,C75.quad_art_joint_art_art_ant_lat_ant_med_quad,l,14,8
903,1,supratemporal,C76.Supratemporal-0,C76.vent_edge_ant_post_supratemp,l,15,9
904,2,supratemporal,C76.Supratemporal-1,C76.vent_edge_ant_post_supratemp,l,15,9
905,3,supratemporal,C76.Supratemporal-2,C76.vent_edge_ant_post_supratemp,l,15,9
906,4,supratemporal,C76.Supratemporal-3,C76.vent_edge_ant_post_supratemp,l,15,9
907,5,supratemporal,C76.Supratemporal-4,C76.vent_edge_ant_post_supratemp,l,15,9
908,6,supratemporal,C76.Supratemporal-5,C76.vent_edge_ant_post_supratemp,l,15,9
909,7,supratemporal,C76.Supratemporal-6,C76.vent_edge_ant_post_supratemp,l,15,9
910,8,supratemporal,C76.Supratemporal-7,C76.vent_edge_ant_post_supratemp,l,15,9
911,9,supratemporal,C76.Supratemporal-8,C76.vent_edge_ant_post_supratemp,l,15,9
912,10,supratemporal,C76.Supratemporal-9,C76.vent_edge_ant_post_supratemp,l,15,9
913,1,supratemporal,C77.Supratemporal-0,C77.dors_edge_post_ant_supratemp,l,15,9
914,2,supratemporal,C77.Supratemporal-1,C77.dors_edge_post_ant_supratemp,l,15,9
915,3,supratemporal,C77.Supratemporal-2,C77.dors_edge_post_ant_supratemp,l,15,9
916,4,supratemporal,C77.Supratemporal-3,C77.dors_edge_post_ant_supratemp,l,15,9
917,5,supratemporal,C77.Supratemporal-4,C77.dors_edge_post_ant_supratemp,l,15,9
918,6,supratemporal,C77.Supratemporal-5,C77.dors_edge_post_ant_supratemp,l,15,9
919,7,supratemporal,C77.Supratemporal-6,C77.dors_edge_post_ant_supratemp,l,15,9
920,8,supratemporal,C77.Supratemporal-7,C77.dors_edge_post_ant_supratemp,l,15,9
921,9,supratemporal,C77.Supratemporal-8,C77.dors_edge_post_ant_supratemp,l,15,9
922,10,supratemporal,C77.Supratemporal-9,C77.dors_edge_post_ant_supratemp,l,15,9
